author,column,content,create_time,file_urls,href,title,type,url,words
(责编：田婉晴(实习生)、樊海旭),人民网－人民日报,"
        
        
	
		
			
				
		
		
			
				
					　　当地时间4月9日上午，国务院总理李克强在布鲁塞尔埃格蒙宫会见比利时首相米歇尔。
					　　新华社记者 张 领摄
			
		
	


	　　本报布鲁塞尔4月9日电  （记者白阳、方莹馨）当地时间4月9日上午，国务院总理李克强在布鲁塞尔埃格蒙宫会见比利时首相米歇尔。

	　　李克强积极评价当前中比关系，表示中方愿同比方秉持开放务实、开拓创新精神，加强各领域合作，密切在国际地区问题上沟通协调，落实好双方达成的一系列共识，推动中比全方位友好合作伙伴关系取得新的发展。中方愿扩大从比利时进口适合中国市场需求、高附加值的产品，欢迎比方参加第二届中国国际进口博览会。我们愿同比方落实好第三方市场合作谅解备忘录，推进双方在非洲的合作。

	　　李克强指出，我此次来访将举行第二十一次中国—欧盟领导人会晤。中比关系是中国同欧盟关系重要组成部分。中方愿意看到一个团结、繁荣、一体化进程不断推进的欧洲，愿扩大同欧洲的双向开放，共同维护自由贸易。期待比方为促进中欧关系发展继续发挥积极作用。

	　　米歇尔表示，比利时高度重视对华关系，愿同中方进一步加强对话沟通，深化贸易、农业、船舶等领域务实合作。预祝欧盟—中国领导人会晤取得成功，共同维护多边主义，促进欧中贸易发展，实现互利共赢。比方乐见中国在国际事务中发挥更重要作用。

	　　王毅参加会见。


	　　《 人民日报 》（ 2019年04月10日 02 版）

        
        (责编：田婉晴(实习生)、樊海旭)
      ",2019年04月10日08:45,http://world.people.com.cn/n1/2019/0410/c1002-31022019.html,,李克强会见比利时首相米歇尔,人民网>>国际,http://world.people.com.cn/n1/2019/0410/c1002-31022019.html,
(责编：许文金、陈建军),人民网-日本频道,"
        
        
	人民网东京4月10日电 据日本时事通讯社报道，日本政府9日宣布，1万日币、5000日币以及1000日币将在2024年上半年全面“改版”，三种纸币将采用新的人物肖像。

	韩国媒体9日针对新版日元纸币中使用的涩泽荣一肖像提出，涩泽荣一曾在朝鲜半岛主导了纸币发行和铁路建设等工作，批评其是“侵略历史的代言人”。

	首尔新闻电子版表示：“不止韩国方面认为（使用涩泽荣一的肖像）未考虑曾被殖民统治的受害方韩国的立场，日本国内也有人抱有同样的看法。”

	朝鲜日报电子版也报道说：“（涩泽荣一）在日本可能是备受尊敬的企业家，但对于朝鲜半岛来说却是进行经济侵略的始作俑者。”联合新闻也报道称，使用涩泽荣一等在明治时代十分活跃的人物肖像，“是安倍政权为了夸耀近代日本的崛起，而对殖民地统治和发动战争等历史错误的视而不见。”（编译：许文金 审稿：陈建军）

        
        (责编：许文金、陈建军)
      ",2019年04月10日14:20,http://japan.people.com.cn/n1/2019/0410/c35421-31022812.html,,韩媒批评日本新版纸币中的涩泽荣一是“侵略历史的代言人”,人民网>>日本频道,http://japan.people.com.cn/n1/2019/0410/c35421-31022812.html,
(责编：袁昕(实习生)、樊海旭),新华网,"
        
        
	 中国钢琴家郎朗日前受邀在西班牙马德里普拉多博物馆举行了一场特别演出，用琴声为这座世界著名的博物馆庆祝200岁华诞。

	当地时间21日晚10时，在博物馆悬挂着17世纪西班牙画家委拉斯凯兹的名作《宫娥》的展厅里，郎朗以一曲贝多芬的《致爱丽丝》拉开演奏的序幕。

	“这是我第一次在这幅名画前演奏，它如此贴近我的心灵。”郎朗在演出结束后说。为此他特意挑选了一些心目中与展厅的光线以及这幅油画的色彩和人物最为契合的乐曲来演奏。

	在演奏了肖邦的《降D大调前奏曲（雨滴）》之后，郎朗将中国传统民乐《彩云追月》与西班牙作曲家伊萨克·阿尔贝尼兹的作品融合，为在场的听众奉上一段中西合璧的即兴演奏。

	建于1819年的普拉多博物馆坐落于马德里市中心，收藏从14到19世纪欧洲的绘画、雕塑等美术作品。《宫娥》以其构图的独特与复杂性而闻名，是普拉多博物馆的镇馆之宝。

	近年来，越来越多的中国游客到访西班牙，普拉多博物馆是他们在马德里必到景点之一。普拉多博物馆传媒部主任卡洛斯·查瓜塞达说：“中国是一个伟大的国度。世界需要认识中国，中国也需要认识世界，文化交流将使双方都受益。”

	中国驻西班牙大使吕凡等嘉宾到场欣赏了演出。（谢宇智）

        
        (责编：袁昕(实习生)、樊海旭)
      ",2019年03月23日13:40,http://world.people.com.cn/n1/2019/0323/c1002-30991540.html,,郎朗受邀为庆祝西班牙普拉多博物馆建馆200周年演出,人民网>>国际,http://world.people.com.cn/n1/2019/0323/c1002-30991540.html,
(责编：田婉晴(实习生)、樊海旭),人民网－人民日报海外版,"
        
        
	　　本报北京4月9日电 （记者王远）国家主席习近平夫人彭丽媛9日在钓鱼台国宾馆会见来访的古巴国务委员会主席兼部长会议主席迪亚斯-卡内尔夫人奎斯塔。

	　　彭丽媛请奎斯塔转达习近平主席对迪亚斯-卡内尔主席的诚挚问候。彭丽媛表示，去年11月，你陪同迪亚斯-卡内尔主席对中国进行了成功的国事访问，时隔不到半年你再次访华，充分体现出对中国和中国人民的友好情谊。中古传统友谊悠久深厚。以迪亚斯-卡内尔主席为代表的古巴新一代领导人积极支持共建“一带一路”倡议，致力于加强中古全方位合作。祝愿中古合作硕果累累，中古友谊万古长青。

	　　彭丽媛高度评价奎斯塔对推动中古人文交流作出的积极努力。彭丽媛表示，古巴文化艺术丰富多彩、久负盛誉。希望双方加强文化艺术和旅游领域交流合作，进一步拉近两国人民距离。彭丽媛介绍了自己担任联合国教科文组织促进女童和妇女教育特使及世界卫生组织结核病和艾滋病防治亲善大使所做的工作，分享了中国在教育卫生领域的成功经验，希望中古加强这些领域的交流合作，共同为推动世界教育卫生事业发展进步作出贡献。

	　　奎斯塔请彭丽媛转达迪亚斯-卡内尔主席对习近平主席的亲切问候和良好祝愿，表示古巴人民喜爱中国文化，对中国人民充满友好感情。古巴钦佩70年来中国发展取得的巨大成就，感谢中方长期给予的大力支持和帮助，愿以明年两国建交60周年为契机，促进人文交流，巩固古中传统友谊。

        
        (责编：田婉晴(实习生)、樊海旭)
      ",2019年04月10日08:29,http://world.people.com.cn/n1/2019/0410/c1002-31021816.html,,彭丽媛会见古巴国务委员会主席夫人奎斯塔,人民网>>国际,http://world.people.com.cn/n1/2019/0410/c1002-31021816.html,
(责编：许文金、陈建军),人民网-日本频道,"
        
        
	人民网东京4月8日电 据《朝日新闻》网站报道，针对拥有黎巴嫩国籍的日产汽车前董事长卡洛斯·戈恩在保释后再度被捕问题，黎巴嫩副总理哈桑·哈斯巴尼6日接受了《朝日新闻》记者的专访。哈斯巴尼表示：“对国际投资家和投资机构来说，无法理解日本的法律是怎样进行判定的。”他还说：“即便日本有相应的法律，但是否参照国际标准进行了理性地裁决也尚存疑问。”

	哈桑·哈斯巴尼原是中东一家知名通信企业的干部，拥有丰富的商务经验。在约旦召开的世界经济论坛（WEF）中东会议期间，他接受记者采访时做出以上表述。

	就日产前董事长戈恩涉嫌挪用资金再度被捕一事，他表示：“这涉及到用日本的法律是如何进行判断的问题。”他认为：“即便进行过会计监查，对于在国际上获得认可的一些行为也是很难判定是否有罪的。”（编译：许文金 审稿：陈建军）

        
        (责编：许文金、陈建军)
      ",2019年04月08日16:52,http://japan.people.com.cn/n1/2019/0408/c35421-31018385.html,,日产汽车前董事长戈恩再度被捕 黎巴嫩副总理对日本提出质疑,人民网>>日本频道,http://japan.people.com.cn/n1/2019/0408/c35421-31018385.html,
(责编：田婉晴(实习生)、樊海旭),人民网－人民日报海外版,"
        
        
	
		
			
				
		
		
			
				
					　　当地时间4月9日下午，国务院总理李克强在布鲁塞尔欧洲理事会总部同欧洲理事会主席图斯克、欧盟委员会主席容克共同主持第二十一次中国－欧盟领导人会晤。
					　　新华社记者 刘卫兵摄
			
		
	


	　　本报布鲁塞尔4月9日电 （记者白阳、郑彬）当地时间4月9日下午，国务院总理李克强在布鲁塞尔欧洲理事会总部同欧洲理事会主席图斯克、欧盟委员会主席容克共同主持第二十一次中国－欧盟领导人会晤。

	　　双方积极评价中欧关系在各领域取得的进展，一致认为，中国和欧盟在深化互利共赢的务实合作方面拥有广泛共同利益，在维护多边主义和开放型世界经济、反对保护主义和单边主义方面拥有共同立场，在完善全球治理、维护世界和平稳定方面拥有共同目标。作为世界两大稳定力量和两大主要经济体，中国和欧盟进行战略沟通与合作非常重要。中欧双方应牢牢把握合作的主流，通过对话协商妥善处理分歧摩擦，推动中欧关系长期稳定健康发展。这符合双方根本和长远利益，对世界也将产生重要、积极影响。

	　　双方重申致力于深化中欧和平、增长、改革、文明四大伙伴关系，将推进制定2020年后新的合作议程。双方承诺支持多边主义，尊重以联合国为核心的国际法和国际关系基本准则，坚定支持以规则为基础、以世界贸易组织为核心的多边贸易体制，将加强在世界贸易组织改革问题上的对话合作。

	　　双方承诺相互给予更加广泛、更加便利、非歧视的市场准入，推动中欧投资协定谈判在2019年取得结束谈判所需的决定性进展，2020年达成高水平的协定。双方同意加强中欧科研创新合作，确认《中欧科技合作协定》展期。双方欢迎中欧地理标志协定谈判初步达成一致，承诺将在今年底前正式结束谈判。双方在政府采购、农产品贸易分区原则等问题上也取得了重要共识。

	　　双方一致同意，将继续推动“一带一路”倡议和欧盟欧亚互联互通战略对接，加强在中欧互联互通平台框架下合作，共同提高亚欧互联互通可持续性和兼容性。双方将加强在气候变化、清洁能源等领域合作，落实《巴黎协定》。双方支持通过对话协商和平解决现存地区纠纷和冲突，共同促进世界和平、繁荣和可持续发展。

	　　李克强表示，前不久，习近平主席成功访问欧洲三国，为中欧全面战略伙伴关系注入新动力。中国一贯重视欧洲，始终支持欧盟国家选择的一体化道路，坚定致力于同欧盟深化互利共赢的全面战略伙伴关系。开放的中欧为彼此创造机遇，合作的中欧为世界带来繁荣。我们愿同欧方共同努力，推动中欧关系不断迈上新台阶。

	　　李克强介绍了即将在克罗地亚举行的第八次中国－中东欧国家领导人会晤情况，指出“16+1合作”是中国与欧洲次区域之间的合作，有利于缩小欧洲国家发展差距，有利于欧洲一体化进程。“16+1合作”遵守国际通行规则和欧盟法律法规框架，按照企业为主、市场化运作原则，推进合作项目实现多赢共赢，将为中欧合作增添新动力。

	　　图斯克和容克表示，在当前复杂多变的国际形势下，欧方愿加强对华关系与合作。欧方高度赞赏双方此次会晤达成的一系列重要共识，双方将发表联合声明，这是双方互利共赢的共同成果，对外展示中欧关系又取得新的积极进展。欧方愿同中方一道，落实好会晤共识，推动欧中关系取得更多成果。

	　　双方还就共同关心的国际和地区问题深入交换了意见。

	　　会晤后，李克强与图斯克、容克共同见证中欧在能源、竞争等领域多项合作文件的签署。

	　　王毅、何立峰出席上述活动。

	　　本报布鲁塞尔4月9日电 （记者白阳、方莹馨）当地时间4月9日上午，国务院总理李克强在布鲁塞尔埃格蒙宫会见比利时首相米歇尔。

	　　李克强积极评价当前中比关系，表示中方愿同比方秉持开放务实、开拓创新精神，加强各领域合作，密切在国际地区问题上沟通协调，落实好双方达成的一系列共识，推动中比全方位友好合作伙伴关系取得新的发展。中方愿扩大从比利时进口适合中国市场需求、高附加值的产品，欢迎比方参加第二届中国国际进口博览会。我们愿同比方落实好第三方市场合作谅解备忘录，推进双方在非洲的合作。

	　　李克强指出，我此次来访将举行第二十一次中国－欧盟领导人会晤。中比关系是中国同欧盟关系重要组成部分。中方愿意看到一个团结、繁荣、一体化进程不断推进的欧洲，愿扩大同欧洲的双向开放，共同维护自由贸易。期待比方为促进中欧关系发展继续发挥积极作用。

	　　米歇尔表示，比利时高度重视对华关系，愿同中方进一步加强对话沟通，深化贸易、农业、船舶等领域务实合作。预祝欧盟—中国领导人会晤取得成功，共同维护多边主义，促进欧中贸易发展，实现互利共赢。比方乐见中国在国际事务中发挥更重要作用。

	　　王毅参加会见。

        
        (责编：田婉晴(实习生)、樊海旭)
      ",2019年04月10日08:20,http://world.people.com.cn/n1/2019/0410/c1002-31021672.html,,李克强与欧洲理事会主席、欧盟委员会主席共同主持第二十一次中国—欧盟领导人会晤,人民网>>国际,http://world.people.com.cn/n1/2019/0410/c1002-31021672.html,
(责编：田婉晴(实习生)、樊海旭),人民网－人民日报海外版,"
        
         　　扫码阅读全文　　（全文见海外网，链接为：http://news.haiwainet.cn/n/2019/0409/c3541083-31533548.html）
        
        (责编：田婉晴(实习生)、樊海旭)
      ",2019年04月10日08:37,http://world.people.com.cn/n1/2019/0410/c1002-31021932.html,,第二十一次中国－欧盟领导人会晤联合声明,人民网>>国际,http://world.people.com.cn/n1/2019/0410/c1002-31021932.html,
(责编：杨牧、刘洁妍),人民网-环球时报,"
        
        原标题：社评：耐心等候中美经贸协议的“瓜熟蒂落”
	　　第九轮中美经贸高级别磋商究竟谈得怎么样？人们只能从一些细节和双方的公告去揣摩。这次磋商期间，刘鹤一行来到谈判地点美国贸易代表办公室时，莱特希泽、姆努钦等人是走到楼外台阶下迎接他们的，这是非同寻常的老朋友式的迎接。在白宫会见时，特朗普总统让刘鹤从以往会见时坐在他对面的位置改为坐到他的旁边。这一切恐怕是谈了九轮才可能有的工作气氛。

	　　气氛可不是虚的，中美双方对这次谈判成果的公布很接近，强调磋商顺利结束，并就多领域的协议文本取得了新进展。双方下周还将通过视频继续磋商。美方一官员表示，双方达成协议的前景良好。

	　　不过谈判毕竟还没有结束，特朗普总统表示，中美贸易协议可能在约四周内达成。当然，这只是一个不确定的时间表。

	　　综合各方面的信息，中美经贸协议就像一个挂在树上、看上去近乎长成的果子。但它什么时候能够熟透，“瓜熟蒂落”地掉下来，仍不好说。

	　　国际舆论高度期待中美协议早日达成，不仅中美两国股市，全球其他主要股市都受这种期待的拉动，大多有良好表现。中美谈判显然已经取得大量实质成果，但这些成果“犹抱琵琶半遮面”，中美任何一方都还没有给出“肯定会达成协议”的保证。美方时而高调乐观，让人感觉签约在望，时而强调分歧和困难。中方的做法更多是客观发布每一次磋商的进展，强调双方要相向而行，但基本不对最终结果做预测。

	　　中美经贸磋商的确看来进入了冲刺的关键阶段，过去的九轮磋商不仅是双方团队旷日持久的谈判过程，而且它们对两国相互重新认识、客观定义两国当下和今后的关系提供了万众瞩目的线索。两国对国际关系的理解、对各自和对方实力的认识、对未来国际格局的期待都不同程度汇集到了谈判进程中来，不断得到整理。

	　　中美经贸协议将重点描述今后中美之间的经贸关系，但它会牵动出中美两国社会乃至国际社会从不同角度更为复杂的解读。这无疑增加了两国磋商团队的压力，使得他们尤其倍加谨慎，认真推敲协议文本的每一句措辞。

	　　中美经贸协议这个近乎长成的果子最终要从树上掉下来，大概需要在以下几个方面进一步“熟透”：

	　　第一，解决中美双方尚存的分歧。留到最后的分歧都是最难啃的，但双方总要突破它们。为此双方有必要在各自的非核心利益区做出更多相互妥协和利益交换。按照这个原则往前走，剩余的争议就是能够突破的。

	　　第二，双方团队达成的协议内容能够得到两国社会总体支持，两国政府也要有不惧反对意见的更强意志。就美方来说，美国的两党政治决定了，一个再好的协议也很可能被反对派说成是“失败的”“对美国不利的”。美国的反对声音有一部分是演戏，也有一部分反映了一些美国精英在对华问题上的极端思维。另外即使在中国，意见也不可能是一致的。

	　　第三，中美应减少政治和安全上的摩擦，倡导看待两国间问题的实事求是精神。这样有利于增加互信，使得不仅两国政府，双方社会也对签协议更有信心，对执行协议给予更多政治和舆论支持。

	　　第四，双方需要进一步确认通过理顺彼此经贸合作来管理好两国战略关系的意愿。最终签署经贸协议无疑是中美关系的好事，意味着重新巩固两国关系中的“经贸压舱石”。但是如果双方有把经贸关系理顺了，就能腾出手来进行更激烈的政治和安全博弈的想法，将是有害的，它未必会促使经贸协议的签署，反而可能会拖累、削弱双方签经贸协议的决心。

	　　综上所述，在这种时候，耐心或许是最重要的，这当中既需要战略耐心，也需要“好事多磨”的耐心。在果子将熟未熟之际，如果哪一方急于摘果，或者需自己付出额外代价，或者要威逼对方付出超额代价，这都会为协议的落实埋下严重隐患，削弱协议成熟、公平的成色。

	　　瓜果成熟的时候，也是需要防止各种极端“天灾人祸”的时候。长达一年的贸易战让中美经济都蒙受了损失，马拉松式的谈判牵扯了两国政府的巨大精力和两国舆论的持续注意力，已经取得的谈判成果属于两个国家和两国人民。中美双方都应珍惜它们，防止破坏性力量兴风作浪，促使协议最终瓜熟蒂落，这是责任，也是道义。

        
        (责编：杨牧、刘洁妍)
      ",2019年04月08日12:50,http://world.people.com.cn/n1/2019/0408/c1002-31017861.html,,社评：耐心等候中美经贸协议的“瓜熟蒂落”,人民网>>国际,http://world.people.com.cn/n1/2019/0408/c1002-31017861.html,
(责编：杨牧、常红),人民网-国际频道,"
        
        
	人民网讯 综合报道，当地时间4月8日，美国宣布将伊朗伊斯兰革命卫队列入“外国恐怖组织”， 这是美国首次正式将另一个国家的军队称为恐怖组织。伊朗也不甘示弱，伊朗国家广播电视台援引该国最高国家安全委员会的声明说：“美国此举非法，且极其危险，对本地区及全球安全和平构成极大威胁”。伊朗宣布“美国中央司令部属于恐怖组织，美国政府是支持恐怖主义的政权，美国中央司令部及相关力量为恐怖组织”。

	美国强化对伊制裁 或将打破中东地缘平衡

	美国为何要将另一个国家的军队列为恐怖组织？日本《读卖新闻》援引美联社报道，美国总统特朗普在宣布这项决议时称：“伊朗伊斯兰革命卫队积极参与、资助和促进恐怖主义，并且将恐怖主义当做伊朗的政策工具。”美国国务卿蓬佩奥表示，美国这一决定旨在加大对伊朗施压，进一步孤立伊朗，并转移其用于资助中东及其他地区恐怖主义和军事活动的部分财政资源。在接受美联社记者采访时，蓬佩奥匆匆列出了一份可以追溯到20世纪80年代的袭击名单，这份名单从1983年对美国驻黎巴嫩贝鲁特海军陆战队兵营的恐怖主义袭击算起，美国认为伊朗和伊朗伊斯兰革命卫队要对这些袭击负责。

	伊朗长期以来被美国指定为“恐怖主义国家资助者”，美国国务院迄今为止指定过60多个组织为“外国恐怖组织”，但没有一个组织是国家军队。伊朗伊斯兰革命卫队是1979年伊朗伊斯兰革命后成立的一个军事组织，同时也是精英军队，直接受命于最高领袖哈梅内伊，目的是保卫伊朗政府。这支部队只对伊朗最高领导人负责，独立于正规军队运作，与伊朗军队同属正规军事力量。美国估计，伊朗伊斯兰革命卫队可能控制或影响伊朗五成的经济运作，包括银行和航运等非军事部门。

	据英国《每日快报》的知情人士透露，去年，美国国家情报总监丹·科茨警告称，伊斯兰革命卫队可能会对美军造成威胁。2日，美国国务院伊朗问题特别代表布莱恩·胡克（Brian Hook）对记者表示，伊朗至少要为608名驻伊拉克的美国军人的死亡负责，这一数字占2003年至2011年美军在伊拉克死亡人数的17%。此外，胡克还说，在叙利亚战争的掩护下，伊斯兰革命卫队目前正试图在叙利亚扎根，并建立一个新的战略基地，这会威胁到包括以色列在内的叙利亚邻国。

	在特朗普宣布退出伊朗核协议、重新对伊朗进行经济制裁不到一年之际，美国再次采取针对伊朗的行动，凸显了特朗普政府对伊朗的强硬姿态。作为伊朗最强大的安全组织，伊朗伊斯兰革命卫队对伊朗的政治经济有很大的影响力，还负责伊朗的弹道导弹计划和核计划。美国此举无疑对伊朗造成较大压力，因此不排除伊朗被迫退出伊朗核协议的可能性，届时，伊朗一旦发展核武器，无疑将打破中东的地缘平衡。

	美国动机意味深长 伊朗称将""毁灭性""回应

	据今日俄罗斯报道，伊朗革命卫队是1979年伊斯兰革命之后成立的，其海外部队——圣城旅(the Quds force)一直积极参与打击叙利亚的极端组织伊斯兰国恐怖主义分子，以及反对大马士革政府的其他激进组织。

	然而，以色列总理内塔尼亚胡认为伊朗威胁到了以色列的国家生存，甚至因伊斯兰革命卫队在伊拉克和叙利亚的存在，而对大马士革和德黑兰采取威胁措施。鉴于内塔尼亚胡将于今日（4月9日）参加议会选举，此决定的宣布时机尤其意味深长。美联社摘录了内塔尼亚胡选举前在推特上的留言，“谢谢你，我亲爱的朋友，美国总统唐纳德·特朗普，”在以色列这场充满悬念和未知的议会选举前，“感谢您答应我的另一个重要请求，这些请求符合我们国家和该地区国家的利益。”

	特朗普除了放弃伊朗核协议，还采取了其他一系列行动来支持内塔尼亚胡，包括将美国驻以色列大使馆搬迁到耶路撒冷，以及最近承认戈兰高地属于以色列。

	半岛电视台报道称，对于美国的举动，伊朗警告，如果美国继续制裁伊朗，那么伊朗将做出“毁灭性”的回应。因为伊朗伊斯兰革命卫队拥有的导弹射程可达2000公里，美国在该地区的军事基地完全在导弹射程之内。也有批评人士表示，美国此举会对该地区美国驻军的安全造成威胁。美联社报道中也提及，美国军事指挥官警告留在伊拉克、叙利亚和该地区内其他的美军，他们有可能遭到报复。除了大约5200名驻伊拉克美军和约2000名驻叙利亚美军外，美国第五舰队（从巴林的基地出发在波斯湾作战）和卡塔尔的乌迪德空军基地（al-udeid air base）都有潜在的危险。

	华盛顿的伊朗裔美国人全国委员会(National Iranian American Council)主席特里塔·帕西(Trita Parsi)表示，美国这一举动无助于和平解决与伊朗的矛盾冲突，“关闭了缓和局势潜在的大门。”（刘晓琰）

        
        (责编：杨牧、常红)
      ",2019年04月09日13:31,http://world.people.com.cn/n1/2019/0409/c1002-31020314.html,,针锋相对 美国伊朗相互“拉黑”引局势升级,人民网>>国际,http://world.people.com.cn/n1/2019/0409/c1002-31020314.html,
(责编：谭晓祺(实习生)、樊海旭),新华网,"
        
        
	英国首相特雷莎·梅9日访问德国，与德国总理默克尔在欧盟紧急峰会前商讨英国推迟“脱欧”的相关事宜。

	默克尔与特雷莎·梅会谈了大约一个半小时，会后没有与媒体见面。德国政府发表的声明仅提及两人会谈主题是英国即将退出欧盟，未公布其他内容。德国政府发言人赛贝特向媒体表示，这是一次“秘密会议”。

	据德国媒体报道，默克尔随后在德国联邦议院联盟党党团会议上表示，将英国“脱欧”时间推迟到今年年底或明年年初而且按照欧盟与英国商定的协议进行，是符合德国利益的。默克尔还强调英国的战略重要性，表示欧盟在英国“脱欧”后也要与其保持密切的合作关系。

	默克尔曾多次表示，她希望为实现英国有协议“脱欧”努力到最后一刻，因为无协议“脱欧”将损害所有方的利益。

	英国原定“脱欧”日期为3月29日，目前已推迟到4月12日。特雷莎·梅日前向欧盟提出建议，希望将英国“脱欧”日期推迟至6月30日。

	欧盟将于10日召开紧急峰会。据德国政府发布的消息，英国“脱欧”将是这次峰会的唯一议题。除英国外的欧盟27国领导人将讨论是否同意英国推迟“脱欧”日期的要求以及“脱欧”接下来的步骤。

	据报道，如果27国领导人一致同意特雷莎·梅的要求，英国将参加5月下旬举行的欧洲议会选举，否则英国将按计划于4月12日无协议“脱欧”。（记者任珂 张远）

        
        (责编：谭晓祺(实习生)、樊海旭)
      ",2019年04月10日07:20,http://world.people.com.cn/n1/2019/0410/c1002-31021171.html,,英国首相访德与默克尔商讨“脱欧”事宜,人民网>>国际,http://world.people.com.cn/n1/2019/0410/c1002-31021171.html,
(责编：马昌、袁勃),新华网,"
        
        原标题：简讯：美国宣布将伊朗伊斯兰革命卫队列为恐怖组织
	　　新华社华盛顿4月8日电（记者刘晨　朱东阳）美国总统特朗普8日宣布美国将伊朗伊斯兰革命卫队列为恐怖组织。这是美国首次将一国的国家武装力量列为恐怖组织。

	　　特朗普在白宫发布的一份声明中说，此举将加大美国对伊朗“极限施压”的范围和力度。

	　　伊朗伊斯兰革命卫队7日发表声明说，若被美国列为恐怖组织，将展开报复。

        
        (责编：马昌、袁勃)
      ",2019年04月08日23:23,http://world.people.com.cn/n1/2019/0408/c1002-31018576.html,,美国宣布将伊朗伊斯兰革命卫队列为恐怖组织,人民网>>国际,http://world.people.com.cn/n1/2019/0408/c1002-31018576.html,
(责编：覃博雅、常红),人民网-国际频道,"
        
        
	
	G20的诞生史
	近代国际金融治理体系的建立、发展、变迁的脉络，无时无刻不与危机应对、风险防范、体系改革紧密相关。自20世纪以来，尤其是1929到1933年国际经济危机以后，危机倒逼改革、改革重塑体系的趋势与规律变得越来越明显。G20领导人峰会机制就是在金本位体系、布雷顿森林体系、G7领导机制之后出现，并因2008年国际金融危机而产生的国际金融治理新机制。
	二战后的国际经济体系发端于1944年的布雷顿森林会议，这次会议需要解决的问题是如何为战后世界建立一个能够保持国际汇率稳定、实现货币可兑换并且满足多边贸易支付要求的国际货币体系。这次会议的结果是建立了以美元作为单一世界货币的“布雷顿森林体系”，这一体系的要点包括：以黄金锚定美元，以美元锚定其他货币，以此来安排各国货币与黄金的关系、固定汇率以及可兑换性等关系问题；建立两大国际金融机构——IMF和世界银行，为各国提供用于维持国际收支平衡的短期贷款和用于发展的长期贷款。这一体系从形式上回答了“怎样建立一个全球性的货币运行机制”问题，并且在建立之后的一些年解决了不少现实问题，从而成为战后全球经济体系的“底层架构”。
	然而，这一体系存在着先天不足，即以一个国家的主权货币作为世界货币使用，必然存在发行国利益与全球共同利益的关系问题，并且金本位制也面临现实中黄金数量的制约。随着时间推移和多次危机的发生，布雷顿森林体系与全球经济现实需求之间的距离日益扩大。到了1973年春，美国由于无力支撑黄金与美元之间的固定比价，宣布关闭了黄金兑换窗口，国际货币体系出现动荡。而就在这一年10月，发生了第四次中东战争，中东国家宣布对西方实行石油禁运，1973-1974年西方世界出现了二战后最严重的经济衰退，通胀加剧，失业剧增，贸易保护主义抬头，西方主要大国领导人急于寻找平息危机的出路。1975年11月，法国巴黎召开了有六国（美国、日本、英国、德国、法国、意大利）首脑参加的峰会，1976年，加拿大也加入了这一峰会机制，形成了G7机制。在G7占据全球经济总量八成以上的历史时期，G7峰会是多国之间协调宏观经济、货币金融等方面政策最重要的机制。不过，G7只是西方国家之间的机制，随着发展中国家和新兴市场的崛起，世界对一个覆盖面更广、代表性更强的全球经济治理机制的需求日益迫切。2008年金融危机的爆发，冲击了所有西方国家，迫使西方不得不寻求发展中国家和新兴市场国家的支持以应对危机。2008年11月，首次G20首脑峰会召开，标志着当今世界首要经济和金融治理论坛的诞生。2016年，G20的主办国由中国担任，这将开创中国领衔全球治理议程的新历史。让我们从G20的起源、发展、演进历程开始，了解G20的方方面面，为2016年中国G20的到来做好准备。
	一、G20诞生前的国际金融体系
	1944年7月，44个国家经济特使在美国新罕布什尔州的布雷顿森林召开联合国货币金融会议，共同商讨二战后的世界贸易格局。当时提出的两大国际金融治理方案分别为，英国代表团提出的凯恩斯计划，和美国代表团推出的怀特（财长助理）方案。由于美国拥有全球三分之二的黄金储备（1949年美国黄金储备一度高达世界黄金储备的73.4%）和强大的军事实力，会议决定最终采取怀特方案，并鉴此建立了以美元和黄金为基础的金汇兑本位制，即布雷顿森林体系。
	该体系的实质是建立一种以美元为中心的国际货币体系，基本内容包括美元与黄金挂钩、国际货币基金会员国的货币与美元保持固定汇率（实行固定汇率制度）。换句话说，美元成了黄金的“等价物”（当时规定35美元一盎司的黄金官价），变成了世界货币、国际清算和各国储备货币。
	这一体系在二战后发挥了重要作用。然而，由于美国是各国储备和贸易支付的单一货币，国际金融体系的高效与稳定运营越来越受到制约，美元本身也受到了巨大压力。1960年美国黄金储备下降到187亿美元，无法抵补210亿美元的流动债务，进而出现第一次美元危机。1968年美国黄金储备进一步下降到121亿美元，无法抵补当年331亿美元的流动债务，进而引发第二次美元危机。1971年，美国完全丧失了承担美元对外兑换黄金的能力，导致了1973年更严重的经济危机。
	对于这些危机，美国被迫依靠加印纸币来弥补其财政赤字，这就造成了通货膨胀和美元过剩，布雷顿森林体系也变得混乱不堪。越来越多的人认识到，美国的单一货币和经济实力难以支撑各国储备和贸易需求，而美国出于一国利益考虑而设计和实施的相关货币政策，根本无法保证其他国家的利益，反而对他国造成了巨大伤害。
	1975年，首次西方主要工业国家首脑会议的召开（最初为六国，1976年加拿大加入）标志着“富人俱乐部”的诞生及制度化。G7起初只商讨经贸协调的议题，渐渐地拓展到刺激增长措施、浮动汇率、通货膨胀、贸易自由化、能源、就业等问题，后来还开始讨论政治、安全、对一些国家实行制裁、应对武装冲突地区等。但是，G7多数政策还是从发达国家自身利益出发，而不是维护发展中国家利益或全球利益。
	例如，1997年第24届G7会议，时任俄罗斯总统叶利钦正式参加会议，G7也变成G8。但是，由于当时俄罗斯经济实力不够，其GDP仅占世界1%（美国占26%），所以被排除在讨论全球经济及金融核心问题之外，不能参加七国财长会议，也没有资格签署内容广泛的经济声明。这进一步说明，G7是一个强国拥有话语权的发达国家俱乐部。
	20世纪末，随着亚洲金融危机的爆发，G7意识到改革金融体系的必要性，在危机时建立一个包括新兴经济体国家在内的全球共同行动“紧密小组”和在国际社会推广G7达成的共识尤其重要。中国、印度等首先加入，渐渐地巴西、阿根廷、南非、印度尼西亚、沙特阿拉伯、土耳其、韩国、墨西哥等国也加入，演变成了一个“19国+欧盟”的20国沟通机制。1998年，G20国家双部长会议正式启动。
	21世纪初，以中国、印度、俄罗斯、巴西等金砖国家（BRIC）为代表的新兴经济体崛起，G7/G8机制治理全球经济显得越来越力不从心。2008年国际金融危机爆发后，时任法国总统萨科齐率先提出召开G20首脑峰会，但先开G8。时任美国总统布什则提出了直接召开G20首脑峰会，并把会议从法国改到美国华盛顿，从此G20领导人年度会晤机制开始渐渐承担世界金融治理任务，一个与以往不同的体系正式开始运作。
	对此，专家认识并不一致，有人说可以叫“布雷顿森林体系II”，有人则认为，这是G8政策推广的平台。但全球多数人希望G20不仅是救助2008年起源于西方的国际金融危机的工具与平台，更应成为新兴经济体国家以平等身份参与制定商讨国际金融政策的制度化平台，进而发挥全球经济金融治理的真正功效。【1】【2】【3】下一页
        
        (责编：覃博雅、常红)
      ",2016年09月02日09:52,http://world.people.com.cn/n1/2016/0902/c1002-28686538.html,,资料：G20的诞生、发展和挑战分析,,http://world.people.com.cn/n1/2016/0902/c1002-28686538.html,
(责编：白宇),人民网－人民日报海外版,"
        
         　　中国超大型集装箱货轮“中远海运双鱼座”在经过近一个月的航行后，于2月15日抵达欧洲，停靠希腊比雷埃夫斯港。　　新华社记者  吴  鲁摄　　意大利成为首个加入“一带一路”倡议的七国集团成员国；卢森堡与中国签署共建“一带一路”合作谅解备忘录；德国、法国、英国、新西兰等主要发达经济体纷纷向“一带一路”倡议抛出橄榄枝……　　最近，“一带一路”倡议在西方魅力大增。已与中国签署合作文件的125个国家和29个国际组织中，发达国家和来自发达国家的公司、金融机构赫然在列。曾几何时，谈及“一带一路”倡议，西方不乏担忧和质疑。如今，“一带一路”建设取得的丰硕成果、展现的合作姿态，吸引西方转身抢抓机遇。　　　　“圈粉”发达经济体　　近日，意大利加入“一带一路”倡议的新闻，在国际社会尤其是西方发达国家引起持续热议。　　美国《新闻周刊》网站报道称，意大利与中国签署的共建“一带一路”谅解备忘录具有里程碑意义。　　“意大利在发挥带头作用。”美国《纽约时报》网站引述意大利经济发展部副部长杰拉奇的话称，虽然意大利可能有一刻需要单独行动，“不过这一刻会是非常短暂的”。　　此言不虚。3月27日，卢森堡与中国签署共建“一带一路”谅解备忘录，成为继意大利后又一个加入“一带一路”朋友圈的欧盟国家。　　彭博社在报道中特别指出，卢森堡的这一举动，是在意大利签署共建“一带一路”谅解备忘录不到一周后作出的。　　不难发现，“一带一路”倡议正在“圈粉”越来越多的欧洲国家。目前，意大利、卢森堡、波兰、希腊、匈牙利和葡萄牙等多国已经加入“一带一路”倡议。不少其他欧洲国家也对这一倡议表现出日益浓厚的兴趣，其中不乏主要发达经济体。　　在国家主席习近平3月下旬访问欧洲期间，法国总统马克龙、德国总理默克尔和欧盟委员会主席容克均就“一带一路”倡议发出积极论调。《俄罗斯报》网站称，欧洲领导人意识到，他们无论如何都避不开“一带一路”。默克尔的言论证明了这一点，她说，“一带一路”是重要项目，欧盟希望在其中发挥积极作用，欧洲期待“互惠”。　　英国《每日电讯报》近日也喊话英国政府，建议其学习意大利自主行事。“只要管理得当，‘一带一路’对英国意味着更多机会”。　　美国消费者新闻与商业频道网站还报道称，身为欧盟成员国的地中海国家马耳他也有可能加入“一带一路”倡议。该国财政部长爱德华·希克卢纳在接受采访时表示，“某些偏见”不应成为开展有益商业往来的绊脚石。　　事实上，不只是欧洲国家，加拿大、新西兰、日本等其他大洲的发达经济体近来同样就“一带一路”倡议频频释放积极信号。英国《金融时报》敏锐捕捉这一动态，刊发社评指出，此前，“一带一路”倡议的足迹主要集中于低收入和中等收入经济体。而今，这项倡议正冲进“顶级联赛”。　　走近机遇的捷径　　从犹疑到欢迎，为何越来越多西方国家更加青睐“一带一路”倡议？　　俄罗斯《消息报》日前刊登文章，分析了意大利能从“一带一路”建设中获得哪些好处。文章认为，从双边合作的角度来看，加入“一带一路”倡议可被视为革命性创举，将有助于意大利整治基础设施，并为该国陷于停滞的经济带来出路。　　墨西哥《每日报》网站也刊文指出，意大利加入“一带一路”建设，是推动本国经济发展的务实做法。　　“我们的企业看准了中国快速发展的机遇。”杰拉奇在《金融时报》上撰文称，此前意大利人还没有完全意识到中国正在成为世界上最强大的经济体之一，能够生产高质量的科技产品，并在科技、绿色能源和铁路运输等行业处于领先地位。中国的经济表现对于世界是一个积极因素，意大利希望成为其中的一部分。　　这也是不少西方国家共同的心声。对它们而言，一个充满活力、对外开放的中国意味着无限机遇，而“一带一路”倡议便是走近机遇的一条捷径。　　《金融时报》刊文称，作为一个拥有超额储蓄的富裕大陆，欧洲似乎不需要中国为其基础设施投资提供资金。然而，事实上，长达10年对赤字的执迷导致不少国家的必要项目匮乏资金。该报引述葡萄牙总理安东尼奥·科斯塔的话称，在这一危机时期，只有中国愿意将资金投入欧盟的边缘国家。这正是“一带一路”的吸引力之一。　　俄罗斯《观点报》网站也刊文认为，欧盟无法割舍中国的投资流。“几个最大的欧盟国家——意大利、法国和德国都乐于接受中国的投资”。　　近6年来，随着“一带一路”建设从“大写意”转向“工笔画”，一系列超出预期的国际合作成果让一些西方国家逐渐放下曾经的误解或偏见，加快加入“一带一路”倡议的脚步。　　美国外交学者网站日前刊登荷兰政治学者索菲·范德梅尔的文章称，所谓中国利用“一带一路”建设制造债务陷阱的说法是不符合事实的。“一带一路”倡议是中国在国内外促进发展的一个主要途径，中国希望通过基础设施投资，把中国和世界其他地区更好地连接起来，同时促进“一带一路”相关国家的贸易。中国秉持合作共赢的理念，各方都可从中获益。　　为经济全球化“修路”　　如今，谈到“一带一路”倡议的全球意义和前景，西方国家更愿意给予肯定，抱以乐观。这从西方媒体的相关报道中可窥一斑。　　路透社近日报道称，支撑全球化的软硬基础设施已经出现明显老化，这一问题在发达国家同样存在。基础设施的落后制约了发展，也制约着世界经济可持续增长。经济全球化需要“修路”，而“一带一路”倡议正致力于此。　　该社引述中方官员近日在博鳌亚洲论坛2019年年会上的话称，“一带一路”本质上是一个共商共建共享的全球化概念，旨在通过多边合作努力，将全球化软硬件基础设施提升到一个新的水平，为经济全球化“修路”。　　西班牙《国家报》也称，中国通过“一带一路”倡议在欧亚大陆大展身手，港口、铁路、公路、天然气管道、发电厂……这一倡议包含了数万亿美元的基础设施投资。全球新经济正在以中国为龙头而构建。　　不久之后，一场有关“一带一路”倡议的国际盛会即将拉开帷幕，国际社会早已翘首期待。4月下旬，第二届“一带一路”国际合作高峰论坛将在北京举行，目前已有包括近40位外方领导人在内的上百个国家代表确认与会。　　对此，新加坡《联合早报》指出，参加本届论坛的外国领导人人数超过首届。该报还引述中方官员的话称，到目前为止，没有一个国家因参与共建“一带一路”而陷入债务危机，相反，很多国家通过参与“一带一路”合作走出了“不发展的陷阱”。　　这样合作共赢的平台无疑将吸引更多国家，西方发达经济体同样难拒其魅力。　　法国前总理、法国总统中国事务特使让—皮埃尔·拉法兰将赴北京参加论坛。日前，他在接受媒体采访时谈及“一带一路”倡议，不吝赞美之词。他说，“一带一路”倡议致力于世界和平与繁荣，催生出包括亚洲基础设施投资银行等在内的机构，有利于维护多边主义，推动世界秩序朝着更加公正合理的方向发展。对中国、欧亚乃至世界来说，“一带一路”倡议是合作共赢的典范、多边主义的伟大实践。　　“如果说‘一带一路’的最终目标是共同繁荣，那我们为什么不喜欢？”《每日电讯报》这样说道。
        
        (责编：白宇)
      ",2019年04月08日08:08,http://world.people.com.cn/n1/2019/0408/c1002-31016671.html,,西方国家加速拥抱一带一路(国际论道),人民网>>国际,http://world.people.com.cn/n1/2019/0408/c1002-31016671.html,
(责编：袁勃),人民网－人民日报,"
        
         　　亚吉铁路连接吉布提多哈雷港口的集装箱码头。　　本报记者　吕强摄 　　近日，在中国—乌干达国际产能合作工业园的仪器分析室里，中乌两国科研人员在对当地的矿石样品进行分析。　　本报记者 吕 强摄 　　一带一路合作改变着沿线各国的发展面貌
　　（巴基斯坦）伊克巴尔·穆尼尔
　　“一带一路”倡议建立在共同发展和共同繁荣的理念之上，致力于提升区域联通水平，通过基础设施建设来促进区域经济增长，使参与国都能从合作和发展中受益。
　　“一带一路”合作正重振古丝绸之路的影响力，改变着沿线各国的发展面貌。
　　这几年，我经常访问中国。每一次中国之行总能够带给我新的震撼。过去几十年里，中国在各个领域都取得了显著成就：交通高效有序，基础设施发达完善，农业技术发展水平更是令我惊叹。
　　从2015年起，我们相继与云南农业大学和北京农林科学院建立了合作关系。现在，我们正努力将中国的杂交小麦技术引入巴基斯坦。小麦是巴基斯坦的主要粮食作物之一。中国杂交小麦在产量、抗性上表现优异，这对于提高巴基斯坦的农业生产力十分重要。中国专家不仅乐于分享他们在各自专业领域的知识和经验，还积极参与培训巴基斯坦农业科学研究人员，帮助他们掌握最新的农业科技。
　　农业是巴基斯坦国民经济的支柱产业。巴基斯坦政府希望通过促进农业发展来改善低收入者的生活水平，消除贫困。作为“一带一路”建设的重要先行先试项目，中巴经济走廊为巴基斯坦经济社会发展提供了巨大机遇。在中巴经济走廊建设框架下，巴基斯坦引进中国先进的农业技术，学习中国的机械化种植等农业实践经验，并改善农村金融体系。
　　“一带一路”倡议建立在共同发展和共同繁荣的理念之上，致力于提升区域联通水平，通过基础设施建设来促进区域经济增长，使参与国都能从合作和发展中受益。随着区域经济发展和繁荣，“一带一路”建设也为区域和平与稳定贡献力量。这一远大构想将改变全球发展图景，对于区域乃至全球发展至关重要。
　　过去5年发生在巴基斯坦的变化是最好的证明。“一带一路”建设和中巴经济走廊不仅进一步加深了巴中两国之间的传统友好关系，更为巴基斯坦的商贸、就业、基础设施建设等带来诸多宝贵机遇。我期待未来两国在包括农业在内的各领域合作能够进一步深化，人员交流能够进一步扩大。
　　（作者为巴基斯坦白沙瓦农业大学生物技术和基因工程研究所主任，本报驻巴基斯坦记者丁雪真书面采访整理）
　
　　一带一路建设给非洲带来发展机遇和希望
　　（苏丹）阿巴斯·哈伦
　　“一带一路”倡议是在世界格局发生复杂变化的背景下，就如何促进世界经济可持续发展、维护世界和平与稳定提出的“中国方案”。可以说，“一带一路”倡议提供了一条促进世界和平发展的全新路径。
　　我曾多次访问中国，与中国的专家学者一起讨论苏丹与中国在“一带一路”框架下的合作前景。中方在共建“一带一路”过程中表现出的坚定、务实态度令我感动。“一带一路”倡议是在世界格局发生复杂变化的背景下，就如何促进世界经济可持续发展、维护世界和平与稳定提出的“中国方案”。可以说，“一带一路”倡议提供了一条促进世界和平发展的全新路径。
　　“一带一路”建设给非洲带来发展机遇和希望。苏丹愿意成为连接中国与非洲特别是中部非洲的节点。一方面，苏丹可以作为中国与非洲之间经贸往来的纽带，为非中之间商品贸易提供便利；另一方面，苏丹可以将“一带一路”合作项目带来的中国先进技术、管理经验本土化，促进苏丹经济发展。苏丹希望在文化方面加强与中国的交流交融，畅通两国各种交流渠道，将自身打造成中文教育走进非洲的典范。
　　苏丹希望在“一带一路”框架下，加强与中国共产党之间的交流，学习、吸收中国共产党先进的治国理念和丰富的执政经验。消除贫困、反腐败等也是苏丹重点关注的领域。中国在这两个方面已经取得了显著的成果。我在中国考察期间，参观了中国的精准扶贫项目。令我印象深刻的是，扶贫干部为每一个贫困户都建立了详细的档案，其中包括贫困户的基本情况、导致贫困的原因、计划采取的脱贫措施、工作进展等，令人赞叹。在反腐领域，中共十八大以来，中国共产党打击腐败的决心和成就令人钦佩。“老虎”“苍蝇”一起打的坚定态度、巡视和“回头看”结合的监察模式等，都值得我们学习借鉴。
　　苏丹积极参与共建“一带一路”，并享受到了发展的红利。由中企承建的麦洛维大坝项目、罗赛雷斯大坝加高项目以及上阿特巴拉水利枢纽项目，为苏丹改变缺电现状发挥了关键作用。由中方投资兴建的纽哈勒法皮棉加工厂正式投产，标志着苏中农业合作进入了新阶段。我相信，未来苏中两国将在“一带一路”框架下继续通力合作，以求真务实的态度为两国人民谋福祉，实现共同发展、合作共赢。
　　（作者为苏丹智库“知识支柱”研究中心总干事，本报驻苏丹记者苏航采访整理）
　
　　一带一路合作符合世界各国的发展利益
　　（卢旺达）杰拉尔德·姆班达
　　“一带一路”倡议是一项由中国发起的伟大构想。“一带一路”合作符合世界各国的发展利益。非洲国家不想错过“一带一路”建设的历史机遇，希望积极参与、获得实效。
　　2018年，卢旺达总统卡加梅同中国国家主席习近平举行了两次会晤，凸显卢中之间日益密切的关系。卡加梅表示，非洲希望成为“一带一路”倡议重要组成部分。很多非洲国家领导人都表达过类似的愿望。这充分证明，“一带一路”建设是非洲发展的重要机遇。
　　“一带一路”倡议是一项由中国发起的伟大构想。“一带一路”合作符合世界各国的发展利益。非洲国家不想错过“一带一路”建设的历史机遇，希望积极参与、获得实效。
　　基础设施薄弱被视为非洲包容性增长的关键挑战。非洲国家经济发展的瓶颈之一是基础设施投资不足。据统计，非洲基础设施的投资需求在每年1300亿—1700亿美元之间，但目前该领域投资总额仅为450亿美元，面临巨大缺口。“一带一路”建设正在帮助非洲大力投资改善基础设施。蒙内铁路为肯尼亚创造了大量的就业机会和发展机遇。连接埃塞俄比亚和吉布提的亚吉铁路，使内陆与海洋实现联通，不仅推动了贸易和人员流动，更使“非洲一体化”的目标更进一步。在亚吉铁路建设启动时，一位非盟官员的发言让我印象深刻。他说，这个项目表明了中国正在致力于支持非洲实现自己的发展愿望，非洲人民的愿望和中国人民的愿望是紧密相连的。
　　事实反复证明了这一点。中国与非洲的合作，是为了实现共同繁荣的梦想。数据显示，中非贸易额从2017年的1700亿美元上升至2018年的超过2000亿美元。中国已连续多年成为非洲最大的贸易伙伴。为推动中非合作“八大行动”顺利实施，中国愿以政府援助、金融机构和企业投融资等方式，向非洲提供资金支持。非洲和中国，从未像此刻连接得如此紧密。
　　我相信，本月举行的第二届“一带一路”国际合作高峰论坛上，参与各方将通过更多致力于实现可持续发展的互利合作项目，为改善全人类福祉作出更大贡献。
　　（作者为卢旺达治理署新闻与传播部主任，本报驻南非记者吕强书面采访整理）
　
　　一带一路倡议代表着希望和未来
　　（塔吉克斯坦）希克马图洛·库德拉托夫
　　“一带一路”倡议对广大发展中国家有非常重要的意义。我们迫切需要学习中国的发展经验，从中寻找适合本国发展的道路，以便更好地造福本国人民，为世界和平发展作出更大贡献。
　　“一带一路”倡议是一项伟大的倡议，是互利共赢的合作平台。对塔吉克斯坦来说，“一带一路”倡议开创了国际合作新模式，代表着希望和未来，因为“一带一路”建设让我们可以更加便捷地与外部连接，发展壮大自身经济。
　　“一带一路”倡议提出5年多来，通过一项项看得见、摸得着的实际举措，参与国获得了实实在在的好处。塔吉克斯坦是一个以农业为主的内陆国家。山区面积占到国土面积的90%以上，基础设施比较薄弱，交通运输成本非常高。基础设施制约着塔吉克斯坦经济的发展。现在，这种情况有了很大的改变。中方承建的塔乌公路、哈特隆隧道、“瓦赫达特—亚湾”铁路项目已完工，中国—中亚天然气管道D线塔吉克斯坦境内段建设稳步推进。中方援建的杜尚别2号热电厂项目顺利竣工，可满足杜尚别周边70多万居民冬季供电和取暖所需。随着基础设施的改善，进出口商品成本大幅降低，人民的生活水平有了很大提高。能够参与到“一带一路”建设中，我们感到很幸运。
　　自“一带一路”倡议提出以来，越来越多的中国企业来到塔吉克斯坦投资建厂。目前，在塔吉克斯坦投资兴业的中资企业达400多家，为塔吉克斯坦的税收和出口创汇作出了突出贡献，并带动了当地劳动力市场的发展，提高了塔吉克斯坦的就业率。
　　2008年，我第一次来到中国，到武汉理工大学攻读经济学硕士学位。中国人民热情、好客、乐于助人。我很快就喜欢上了这里的生活。我当时每天早晨起床后，都要吃上一碗热干面。回到塔吉克斯坦以后，我对武汉的热干面仍念念不忘。随着越来越多的中国公司来到塔吉克斯坦，当地的中餐馆也多了起来。我和朋友们会经常去吃中餐。对我来说，这也是回味中国文化的一种方式。
　　后来，我有幸再次来到中国学习。去年在深圳，我们参观了“大潮起珠江——广东改革开放40周年展览”。展览介绍了中国改革开放各阶段的发展情况，其中的宝贵经验很值得我们学习。许多同学都认为，中国出现经济奇迹最重要的原因就在于中国共产党领导之下的思想解放和制度变革，正是这种变革使得各类生产要素能够自由流动，既扩大了要素供给，又提高了要素的配置效率，极大地解放了生产力。
　　“一带一路”倡议自提出以来，得到国际社会广泛支持和积极参与，收获了一批重要成果。“一带一路”倡议对广大发展中国家有非常重要的意义。我们迫切需要学习中国的发展经验，从中寻找适合本国发展的道路，以便更好地造福本国人民，为世界和平发展作出更大贡献。
　　（作者为塔吉克斯坦劳动、移民及就业部移民服务局首席专员，本报记者孟祥麟采访整理）
　
　　一带一路建设增强了非洲国家自主发展的信心
　　（坦桑尼亚）萨鲁姆·哈米斯·拉希德
　　“一带一路”倡议顺应了全球治理体系变革的内在要求，彰显了同舟共济、权责共担的人类命运共同体意识，为全球治理体系变革提出新思路、新方案。
　　“一带一路”倡议为坦桑尼亚乃至世界提供了发展机遇。中国真心实意帮助广大发展中国家，同我们分享发展经验，谋求共同发展。可以说，“一带一路”建设不仅给予我们帮助和支持，还大大增强了非洲国家自主发展的信心。
　　在“一带一路”合作框架下，一大批铁路、公路、港口、桥梁等项目纷纷落地，极大改善了坦桑尼亚的基础设施。尼雷尔跨海大桥、坦桑尼亚国家信息通信技术宽带骨干网项目、坦桑尼亚天然气处理厂及输送管线项目、姆特瓦拉港口扩建工程……中国以实际行动证明，中国是真心实意帮助非洲实现真正的发展。
　　坦桑尼亚和中国的友谊源远流长。坦桑尼亚不仅是古代海上丝绸之路要道，还将为打造21世纪海上丝绸之路发挥积极作用。40多年前，中国工程技术人员同我们并肩奋斗，修建了被誉为解放之路、自由之路的坦赞铁路。中国医疗队帮助坦桑尼亚防治疾病和发展卫生事业，《医疗队员到坦桑》的歌曲已传唱近半个世纪。习近平主席在2013年就任中国国家主席后，访问的首个非洲国家就是坦桑尼亚。如今，坦桑尼亚政府的“二五发展规划”以基础设施建设和工业化为发展重点，与“一带一路”倡议高度契合。
　　“一带一路”倡议顺应了全球治理体系变革的内在要求，彰显了同舟共济、权责共担的人类命运共同体意识，为全球治理体系变革提出新思路、新方案。中国发起成立的亚洲基础设施投资银行、金砖国家新开发银行等金融机构，为广大发展中国家增强自身经济能力提供了有力支持。
　　中国经济腾飞令世人瞩目。作为经济学者，我特别渴望探求中国经济在短短40年时间里取得巨大发展成就的“秘诀”。2012年，我第一次来到中国，参加一个学术会议。我感受最深的是改革开放带给中国日新月异的变化。后来我访问过安徽、河北、陕西、广东、湖北、上海等地，中国人民热情昂扬的精神面貌感染了我。
　　目前我在南南合作与发展学院攻读博士学位。课堂上，来自世界各地的学员们热切地讨论中国改革开放、“一带一路”建设等重要议题。在这里的学习拓宽了我的眼界，启发了我的思维。
　　最近，我正在研读《习近平谈治国理政》这本著作。书中提到了很多值得借鉴的执政理念和成功经验，比如精准扶贫、环境保护、国家治理等领域的内容，对广大发展中国家的发展至关重要。通过这本书，我深刻理解了中国的发展理念。
　　中国在经济发展中注重将短期目标与长期规划有效结合。在实施过程中，政府既有引导，也尊重市场规律，取得了很好的效果。我和南南学院的同学们都认为，中国不仅给世界贡献了宝贵的发展经验，还提供了发展的样板，有助于各国开拓发展思路、寻求自身发展之路。希望通过学习和借鉴中国的发展经验，坦桑尼亚能加快工业化进程，早日实现自身发展目标。
　　（作者为坦桑尼亚桑给巴尔规划委员会高级经济学家，本报记者孟祥麟采访整理，季雅宁参与采访）
　　制图：郭 祥
　　《 人民日报 》（ 2019年04月08日   17 版）
        
        (责编：袁勃)
      ",2019年04月08日05:07,http://world.people.com.cn/n1/2019/0408/c1002-31016289.html,,推进务实合作 实现互利共赢（风从东方来——国际人士谈一带一路合作）,人民网>>国际,http://world.people.com.cn/n1/2019/0408/c1002-31016289.html,
(责编：袁勃),人民网－人民日报,"
        
        　　据新华社日内瓦4月6日电  （记者刘曲）无论在全球哪个地方，女性几乎都比男性活得长。世界卫生组织近期发布的报告显示，其中主要原因包括两性对待卫生保健态度不同、男性更可能死于可预防和可治疗的非传染性疾病和道路交通事故、男性自杀死亡率远高于女性等。　　世卫组织特别选在7日“世界卫生日”到来之际发布《2019年世界卫生统计》。该报告首次按性别分列数据，有助于更好地了解世界各地人们的健康状况和需求。报告发现，全球范围内女性预期寿命均超过男性，在富裕的发达国家尤其如此。　　报告显示，在导致死亡的40个主要原因中，有33个会导致男性预期寿命低于女性。比如，2016年，一名30岁男性在70岁之前死于非传染性疾病的概率比女性高44%；2016年全球自杀死亡率，男性比女性高75%；15岁以上人口的道路交通事故死亡率，男性约为女性的两倍；男性因凶杀案导致的死亡率也是女性的数倍。
　　《 人民日报 》（ 2019年04月08日   16 版）
        
        (责编：袁勃)
      ",2019年04月08日05:07,http://world.people.com.cn/n1/2019/0408/c1002-31016293.html,,世卫报告揭示男女预期寿命差异原因,人民网>>国际,http://world.people.com.cn/n1/2019/0408/c1002-31016293.html,
(责编：岳弘彬、曹昆),人民网－人民日报,"
        
        　　新华社华盛顿4月6日电  （记者颜亮、韩洁）4月3日至5日，中共中央政治局委员、国务院副总理、中美全面经济对话中方牵头人刘鹤与美国贸易代表莱特希泽、财政部长姆努钦在华盛顿共同主持第九轮中美经贸高级别磋商。双方讨论了技术转让、知识产权保护、非关税措施、服务业、农业、贸易平衡、实施机制等协议文本，取得新的进展。双方决定就遗留的问题通过各种有效方式进一步磋商。
　　《 人民日报 》（ 2019年04月07日   03 版）
        
        (责编：岳弘彬、曹昆)
      ",2019年04月07日05:13,http://world.people.com.cn/n1/2019/0407/c1002-31015849.html,,中美经贸高级别磋商顺利结束,人民网>>国际,http://world.people.com.cn/n1/2019/0407/c1002-31015849.html,
(责编：谭晓祺(实习生)、徐祥丽),人民网-国际频道,"
        
        
	

	人民网北京4月8日电 据外交部网站消息，外交部发言人陆慷主持8日例行记者会。记者会实录如下：

	问：6日，七国集团外长会发表联合公报称，强烈反对任何破坏地区稳定和以规则为基础的国际秩序的单边行动，鼓励中国负责任地参与自由开放、以规则为基础的国际体系。中方对此有何回应？

	答：我们注意到有关报道。一段时间以来，国际上谈论国际规则、国际体系的声音很多。如果大家都愿意按规矩办事，这是好事。但是，我们还是希望有关方面在谈论国际体系、国际规则时，能坦诚地明确什么是国际规则、国际体系。

	国际社会绝大多数成员主张的是，以《联合国宪章》宗旨和原则为基础的国际关系基本准则，以联合国为核心的多边主义体系，这里面还包括以世界贸易组织规则为核心的多边贸易体系。我可以负责任地告诉你，这也正是中方的主张。如果七国集团成员主张的国际体系和国际规则也是这样的，如果他们也同样明确反对在联合国框架外采取任何单边主义行径，我相信包括中国在内的国际社会所有成员都会予以热烈欢迎。

	问：近日，法、德两国外长在出席联合国安理会会议期间，共同提议建立“多边主义联盟”，并计划在今年9月召开的第74届联合国大会期间正式发起联盟。请问中方对此有何看法？

	答：我们也注意到了有关报道。中国一直是多边主义的坚定维护者、支持者和践行者。在当前经济全球化和世界多极化深入发展、全球性挑战不断增多的背景下，我们认为世界比以往任何时候都更加需要多边主义。

	不久前，习近平主席访问法国期间，同法国总统马克龙、德国总理默克尔、欧盟委员会主席容克共同出席了中法全球治理论坛闭幕式。在出席闭幕式时，习主席非常系统地阐述了中方维护多边主义，加强国际对话与合作，共同破解治理、信任、和平、发展四大赤字，改善全球治理的主张。中方支持包括法、德等国家在内的国际社会维护多边主义的积极努力，我们愿同各方一道，维护以《联合国宪章》宗旨和原则为核心的国际秩序和国际体系，维护以世界贸易组织规则为核心的多边贸易体系，坚持多边主义，共同推动构建相互尊重、公平正义、合作共赢的新型国际关系，携手构建人类命运共同体。

	问：七国集团外长会发表的声明表示，欢迎第二次朝美会谈涉及的无核化方案，但对朝鲜未采取相关措施表示遗憾。另外，韩国媒体称，近期开城工业园部分企业家申请对朝制裁豁免，但遭美国国务院明确拒绝，中方对此有何评论？

	答：朝美领导人河内会晤后，国际社会对半岛问题解决进程的下步发展确实很关心，中方当然更加关心。我们多次说过，朝美领导人河内会晤后，朝美双方都表达了愿意继续保持对话进程的态度，我们认为这是可取的。我们也希望国际社会都能够继续支持和鼓励朝美双方的积极态度。同时，光有这样的态度肯定不够，还需要双方都能够相向而行，采取实际举措来进一步增进双方互信，推动半岛问题政治解决进程。中方愿继续为此发挥建设性作用。

	问：澳大利亚媒体报道，杨军曾被中国情报人员讯问，涉及澳大利亚调查中国干涉澳内政事。你能否确认和评论？

	答：关于你提到涉及中国公民杨军的个案，我们没有可以提供的新情况。关于你提到的其他媒体作出的有关评论，我可以重申，在国际关系中，中方一向坚决主张相互尊重彼此主权，互不干涉内政。我们也在这里说过，希望所有国家的政府都能够公开声明，致力于互不干涉内政。

	问：李克强总理已启程访问欧洲，3月习近平主席也刚刚访问欧洲。中国领导人两个月内先后访欧，频次超过以往。你能否告诉我原因？这是否与中美经贸磋商有关？

	答：感谢你关注中国外交。确实，习近平主席今年的首访目的地是意大利、摩纳哥和法国。李克强总理此次访欧，是出席中国-欧盟领导人会晤和中国-中东欧国家领导人会晤，以及对克罗地亚进行正式访问。欧洲是世界上的一支重要力量，也一直是中国外交的重点方向。中国加强同欧洲的关系，既符合中方意愿，也符合欧方意愿。

	正如大家所看到的习主席访欧成果，如果中欧双方在维护多边主义和维护以规则为基础的世界贸易体系方面达成的重要共识，能够对国际社会产生更大的带动作用，我相信包括日本在内的所有国家都是欢迎的。至于你说中欧加强关系是不是与其他方面有关，我看不出来其中有什么必然的联系。发展同世界各国的友好关系一直是我们的愿望，相信各方也都支持和欢迎。

	问：日前，有媒体评论文章称，当前“一带一路”倡议下中国在巴基斯坦基础设施建设项目完成率不到一半，巴从中方获取了大量资金，但未将其转化为经济动能，而是加剧了经济风险。但巴方认为，目前的债务危机与中国贷款无关。中方的援助对改善巴人民生活水平起到了重要作用。中方对此有何评论？

	答：中巴经济走廊是新时代中巴合作的标志性工程，也是“一带一路”建设先行先试的一个重要项目。走廊建设5年多以来，早期收获项目多达22个，给当地社会创造了数万个就业岗位，满足了860万户人家的用电需求。这些极大改善了巴基斯坦的基础设施，有力促进了巴基斯坦的民生福祉，理所当然会受到巴基斯坦政府和人民热烈欢迎。

	至于采取国际融资方式来实施重大项目，这也是全球通行做法，特别也是发展中国家突破资金瓶颈、助力增长的有效途径。就中巴经济走廊建设而言，目前项目中，只有不到20％是使用了中方贷款，而超过80％是中方直接投资和无偿援助。所以这个项目的建设它本身不但没有加重巴方负担，反而有助于更强健巴方的经济筋骨。

	我们还是希望，有关媒体如果真心关心巴基斯坦人民福祉，关心巴基斯坦的发展，不妨到实地去了解一下当地民众是如何评价中巴经济走廊建设项目，在此基础上能够更实事求是地报道中巴经济合作。

	问：关于香港特区政府正为修订的《逃犯条例》进行立法工作，英国驻港总领事向特区政府表达了关注，英国下议院也计划讨论这方面的议题，请问外交部对英方行动有什么回应？

	答：我们已多次回答类似问题。这本身是香港特区的内部事务，也就是中国的内部事务，其他国家无权干涉。

	至于特区采取的修改条例的做法，外交部驻香港特区特派员公署已就此表明立场。实际上，这是为了加强香港特区同其他地区和国家之间开展合作所采取的必要措施。其他国家以此做文章，来干涉中国内政，我们坚决反对。

        
        (责编：谭晓祺(实习生)、徐祥丽)
      ",2019年04月08日20:29,http://world.people.com.cn/n1/2019/0408/c1002-31018542.html,,外交部：支持法、德等国维护多边主义的积极努力,人民网>>国际,http://world.people.com.cn/n1/2019/0408/c1002-31018542.html,
(责编：谭晓祺(实习生)、徐祥丽),人民网-国际频道,"
        
        
	

	人民网北京4月9日电 据外交部网站消息，外交部发言人陆慷主持9日例行记者会。记者会实录如下:

	问：媒体报道称，第五次中日经济高层对话近期将举行。你能否介绍有关具体安排？日本外相河野太郎将率团出席上述活动，期间是否将与中方领导人举行会晤？

	答：确实，大家可能已经看到有关报道了。我现在可以告诉你的是，中日双方正在就举行新一轮中日经济高层对话的具体问题保持着密切沟通。我也期待着能尽快向大家发布正式消息。

	问：澳大利亚媒体称，中国亿万富翁黄向墨花费上万美元接触澳大利亚内政部长。你对此有何评论？

	答：我看到了有关报道。你可能已经注意到，这两天我们已经多次回答一些援引澳大利亚媒体报道的提问。我们说中国从不干涉别国内政，我们是严肃认真的。我们一向主张，在国际事务中，各国都应严格恪守《联合国宪章》宗旨和原则。我们坚决反对任何国家以任何借口干涉别国内政。

	我们注意到，近来个别澳大利亚媒体在这些问题上，要么捕风捉影，要么无中生有编造一些故事。坦率地讲，现在我们已经没有太多兴趣、花太多精力和资源对这些报道一一作评论。我们希望，有关媒体能够客观、公正报道中国的政策和中国与澳大利亚之间的关系。我们也相信，任何负责任的澳大利亚人士、包括澳大利亚的政治家，应该能够作出负责任的判断。

	问：昨天，斯里兰卡南部铁路延长线一期项目正式通车了。据说，这是斯里兰卡1948年独立以来首条新建铁路，而且是由中方承建的。实际情况是这样吗？中方认为如何让对外务实合作更好地惠及合作国的普通民众？

	答：是的。斯里兰卡南部铁路延长线第一期项目是中国企业在“一带一路”倡议下承揽的第一个斯里兰卡铁路工程项目。正如你所说，这是斯里兰卡国家独立以后新建的第一条铁路工程。这条铁路线正式通车有利于提升斯里兰卡南部地区交通便利化水平，为当地经济社会发展带来极大的助力。斯里兰卡人民对此感到高兴，中方也为斯里兰卡人民感到高兴。就中方而言，我们愿继续同斯里兰卡方面在“一带一路”框架下拓展、深化务实合作，以实实在在的成果造福斯里兰卡人民。

	问：香港“占中”发起人今天因2014年“占中”活动被判公众妨扰罪名成立。国际上有批评人士称，该判决显示香港的政治自由在萎缩，中央政府正在控制香港。你对此有何评论？

	答：中国香港特区作出这一判决，严格意义上是中国内部事务。但既然你说国际社会上有人对此发表一些评论，我在这里也愿意阐述中国政府正式的立场。我们注意到该案已经作出裁决。大家也应该看到，当年持续了79天的非法“占中”严重冲击香港特别行政区的法治，对香港的繁荣稳定、对香港特区公众的正常生活秩序都带来了严重损害。我相信，这种情况发生在任何国家和地区，政府作出维护公众正常生活秩序的决定，都是无可非议的。中央政府坚定支持香港特别行政区依法惩治非法“占中”的主要组织者和策划者。我也想提醒其他国家的人士，把特区政府维护公共秩序的努力曲解为对香港特区的社会自由造成损害，是毫无道理的。看看在其他国家和地区发生的情况，也可以得出一个公正的、不带偏见的结论。

	问：你提到斯里兰卡的铁路项目由中方承建，项目资金是否也来自中国？若由中方出资，请问资金数额是多少？

	答：你问到的是比较具体的企业合作项目的情况，我可以去了解一下。原则上，在“一带一路”框架下，中国政府鼓励企业按照市场原则同有关国家开展相关合作。

	问：8日，美国总统特朗普发表声明，正式宣布美政府计划将伊朗伊斯兰革命卫队列为外国恐怖组织。这将是美首次将一国军事力量指定为外国恐怖组织。伊朗最高国家安全委员会发表声明称，美方举措是对区域和国际稳定与和平的重大威胁。作为报复措施，伊宣布将美中央司令部所辖军事力量列为恐怖组织。中方对此有何评论？

	答：我们注意到有关报道。中方一向主张，在处理国家间关系时，应遵守以《联合国宪章》宗旨和原则为基础的国际关系基本准则，我们反对任何国家搞强权政治和霸凌主义。我们希望有关国家特别是域外大国多做有利于促进中东地区和平稳定的事，避免采取一些可能导致中东地区局势进一步紧张升级的举措。

	问：美方称，将在未来一周继续拘押企图进入海湖庄园的中国女性。中方认为此举是否合理？

	答：我们注意到有关报道。我们已经说过，此事发生后，中国驻当地的领事机构已经同当事人取得了联系，我们也将继续提供必要的领事协助。中国政府一贯要求在海外的中国公民遵守当地法律法规。同时，我们也要求美方依法、公正、妥善地处理有关案件，切实保障涉事中国公民的合法权益。

	问：美方官员克里特·威廉斯昨天表示，美方对中方在经贸协议上所作承诺尚不满意，并指出双方已就执行机制达成一致，若中方未兑现承诺，美方可以进行反制。你对此有何评论？

	答：关于刚刚结束的中美经贸磋商情况，中美双方都已经发布了消息，我希望你能以中美双方正式发布的消息为准，以对磋商情况作出准确评估。据我了解，此轮磋商确实还是取得了新的实质性进展，中美双方也都表现出了按照中美元首去年12月1日在阿根廷会晤达成的共识，尽快完成磋商的积极意愿。我们希望双方能够在相互尊重、平等互利的基础上，妥善解决双方关切，达成双方都能够满意的结果。我们注意到，在这一过程中，美国方面不时有一些这样或那样的声音出来。建议你可以就相关具体情况向主管部门了解。 

        
        (责编：谭晓祺(实习生)、徐祥丽)
      ",2019年04月09日19:15,http://world.people.com.cn/n1/2019/0409/c1002-31020920.html,,中央政府坚定支持香港惩治非法“占中”组织者,人民网>>国际,http://world.people.com.cn/n1/2019/0409/c1002-31020920.html,
(责编：燕勐、杨牧),人民网-国际频道,"
        
        
	

	梅诺卡岛的Villa Sea View海景别墅。

	假期可以在壮观的地方与亲人一起创造特殊时刻。

	Villa Plus网站精心挑选了一些别墅酒店，这些别墅酒店都配有温水游泳池，拥有令人惊叹的海景及乡村景观，这意味着你可以与亲人一起共度美好时光，而不仅仅是在一个拥挤的度假胜地太阳椅上度过。

	各种各样的别墅，无论是一对正在寻找乡村深处私密别墅的夫妇，还是需要一个靠近城镇的宽敞别墅的一大群朋友，这里总有一个别墅能满足你的需求。

	

	Villa Rodea Cuatro别墅酒店位于兰萨罗特岛的普拉亚布兰卡，享有壮观的海景，设有迷人的温水游泳池。

	Villa Rodea Cuatro别墅酒店

	如果喜欢壮观海景和海浪的声音，那么西班牙兰萨罗特岛普拉亚布兰卡的Villa Rodea Cuatro酒店就是最佳的选择。

	由于宽敞的别墅位于较高的地带，它拥有一个朝向富埃特文图拉岛的壮丽景观。

	该别墅非常适合大家庭，四间卧室可容纳9人入住，设有一个大型私人温水游泳池和设备齐全的厨房，此外，别墅还设有WiFi，配有带各种DVD的平板电视。

	其阴凉的露台是户外露天用餐的理想场所，甚至还有户外烧烤。
【1】【2】【3】【4】【5】【6】【7】【8】【9】【10】【11】【12】
        
        (责编：燕勐、杨牧)
      ",2019年02月25日16:52,http://world.people.com.cn/n1/2019/0225/c107182-30901295.html,,温水游泳池、壮丽的景色！适合家庭度假的别墅酒店,人民网>>国际>>外媒关注,http://world.people.com.cn/n1/2019/0225/c107182-30901295.html,
(责编：袁勃、樊海旭),人民网－人民日报,"
        
        
	　　核心阅读

	　　美国白宫4月8日宣布将伊朗伊斯兰革命卫队列为恐怖组织，伊朗国家最高安全委员会随后宣布，将美国中央司令部及其驻西亚地区军队认定为恐怖组织，同时声称将展开报复。分析认为，美国首次将他国国家武装力量列为恐怖组织，意在加大向伊朗“极限施压”的范围和力度，然而美国此举势必引发美伊之间紧张局势再次升级，同时为中东地区安全局势带来更多不稳定因素。

	　　

	　　美国白宫在8日发表的声明中称，伊朗伊斯兰革命卫队为中东多国“恐怖组织”提供支持，与伊朗伊斯兰革命卫队的任何生意往来或是支持伊朗伊斯兰革命卫队的行为都将受到严厉制裁。声明表示，美国政府将继续加大对伊朗“极限施压”的范围和力度。

	　　美国——

	　　他国公司和银行不得与伊朗伊斯兰革命卫队有任何形式的经济来往

	　　美国国务卿蓬佩奥随后召开新闻发布会，正式将伊朗伊斯兰革命卫队定为外国恐怖组织，要求他国公司和银行不得与伊朗伊斯兰革命卫队有任何形式的经济来往。如果美国国会在7日审核期限内没有提出反对意见，伊朗伊斯兰革命卫队将于4月15日被正式列入美方认定的“外国恐怖组织”名单。

	　　美国国务院称，伊朗伊斯兰革命卫队每年为伊拉克、叙利亚、也门和其他地方的民兵组织提供了约10亿美元的资金支持。不久前，蓬佩奥的伊朗问题特别代表胡克指责伊朗及其代理人应为2003年到2011年间608名美军士官在伊拉克的死亡负责。美方先前已经把从属于伊朗伊斯兰革命卫队的一批组织机构和个人列入“黑名单”，并把伊朗伊斯兰革命卫队下属的“圣城旅”列为恐怖组织。

	　　美国有线电视新闻网援引美国政府官员的话表示，此举是“对伊朗在中东各地破坏稳定行为的回应，包括其对叙利亚政权、也门胡塞武装和黎巴嫩真主党的支持，以及针对欧洲和美国的暗杀阴谋”。

	　　美国舆论认为，美国政府的这一举动旨在挤压伊朗伊斯兰革命卫队的金融资源，缩减其在中东的军事存在，帮助美国打击该组织控制的欧洲和其他地区的企业。同时，还将允许美国对伊斯兰革命卫队官员和那些向该组织提供支持的人实施旅行限制等制裁，并允许美国检察官对那些向伊朗伊斯兰革命卫队提供“物质支持”的人提出指控。

	　　伊朗——

	　　这一毫无根据的错误举动是对地区和国际和平与安全的重大威胁

	　　美国这一决定宣布后仅一小时，伊朗国家最高安全委员会就发表针锋相对的声明，将美军认定为恐怖组织。据伊朗伊斯兰共和国通讯社报道，伊朗国家最高安全委员会8日在声明中表示，美国及其盟国在西亚地区支持“极端和恐怖组织”，而伊斯兰革命卫队一直处于本地区“打击恐怖主义和极端主义”的第一线。声明强烈谴责美方将伊朗伊斯兰革命卫队认定为“恐怖组织”，认为这是“非法且危险”的行径。“这一毫无根据的错误举动是对地区和国际和平与安全的重大威胁。它公开违反了国际法和《联合国宪章》的规定。美国应为这一冒险举措带来的所有后果承担责任。”声明表示。

	　　伊斯兰革命卫队在1979年伊朗伊斯兰革命后成立，与伊朗国防军共同组成伊朗正规武装力量。其影响力覆盖伊朗政治和经济的许多方面，涉及基建、交通、能源、经贸等关乎国家经济命脉的多个领域。

	　　阿拉伯媒体报道说，除了“对等回应”外，伊朗还拥有众多报复性选项，包括对美国军事目标发动反制，加强短程和中程导弹的试验和使用，进行一系列弹道导弹试射，进一步加强与邻国的关系，如在能源、水资源、经贸等方面“捆绑”伊拉克，逐步瓦解美国在中东地区关键性的外交目标，以及在海湾地区阻拦、骚扰美国海军舰艇和船只，甚至在局势恶化时封锁霍尔木兹海峡等。

	　　伊朗官方在美国未宣布决定前就已频放“狠话”，做出强硬表态。伊斯兰革命卫队总司令贾法里4月7日发表声明说，指控伊斯兰革命卫队是恐怖组织“非常不明智”。如果美国这么做，使伊朗国家安全受到威胁，伊斯兰革命卫队将展开报复。贾法里强调，若美国认定伊斯兰革命卫队是恐怖组织，美国军队和安全力量将失去目前在西亚地区享有的平静。

	　　舆论——

	　　将主权国家的军队认定为恐怖组织可能会加剧中东地区紧张形势

	　　国际舆论普遍认为，美国此举意在进一步削弱伊朗军事力量，然而这一草率举动将给伊核问题、美伊关系、中东地区的稳定带来新的不安定因素。

	　　美国的举动在国内引发了质疑声音。美国媒体援引匿名官员的话说，美国国防部和中央情报局对白宫将伊朗伊斯兰革命卫队列为恐怖组织的举动持保留意见。一些官员认为，美国本来就已对伊朗经济实施了严苛制裁，此举并不会对伊朗造成更大伤害，但可能给美国海外军队带来风险。

	　　伊朗裔美国人全国委员会4月8日发表声明称，白宫此举在经济制裁方面收效甚微，反而将美国军人和中东各地的基地置于不必要的危险之中，削弱美国与伊拉克、叙利亚等国的外交和军事联系，从而引发与伊朗外交关系降级的可能性。

	　　美国媒体认为，由于美国在中东错综复杂的利益关系，此举将使美国在该地区陷入更为复杂的军事和外交局面。《华尔街日报》分析称，美方此举可能会激起伊朗对美国军队和情报官员的报复，除了在伊拉克和叙利亚的驻军，驻扎在波斯湾的美国第五舰队和卡塔尔的乌德伊德空军基地都面临潜在危险。

	　　《华盛顿邮报》的评论称美国政府的举动可谓是“史无前例”，专家们担心，将主权国家的军队认定为恐怖组织可能会加剧中东地区紧张形势。路透社援引匿名美国官员的话表示，该决定象征意义大于实际意义，它并不意味着美国军方将把伊朗伊斯兰革命卫队当做“基地”组织、“伊斯兰国”或其他激进组织对待，美军“不会与伊朗开战”。

	　　“伊朗伊斯兰革命卫队已经是世界上受到最严厉制裁的实体之一，这一认定不会对他们施加任何实际的新限制，”前奥巴马政府官员贾勒特·布兰科表示，“但这种鲁莽的尝试可能会挑起一场危机，而可悲的是，美国政府没有准备好应对这场危机。”

	　　“中东在线”新闻网站评论说，“伊朗和美国的角力和博弈进入深水区，尤其是双方将对方的军队列入恐怖组织，令人对形势的发展前景难以乐观”。

	　　埃及开罗大学政治学教师赛义夫表示，美国的举动关闭了解决伊朗问题的大门，可能会增加中东地区军事冲突的风险。“美国最近在中东地区的一系列政策将使中东局势更趋动荡，对美国在该地区的利益而言也是弊大于利，未来美伊关系的修复将变得更加困难重重。”赛义夫说。

	　　（本报华盛顿、开罗4月9日电） 


	　　《 人民日报 》（ 2019年04月10日 16 版）

        
        (责编：袁勃、樊海旭)
      ",2019年04月10日05:17,http://world.people.com.cn/n1/2019/0410/c1002-31021039.html,,美伊紧张关系骤然升级（国际视点）,人民网>>国际,http://world.people.com.cn/n1/2019/0410/c1002-31021039.html,
(责编：燕勐、杨牧),人民网-国际频道,"
        
        
	

	正在考虑去日本度假？也许拥有霓虹灯和令人惊叹氛围的东京已经被列为首选。

	但是，你会发现这个国家还有着鲜为人知，但同样令人印象深刻，且有待被发现的地方。

	位于九州岛南部风景如画的鹿儿岛就是其中之一，气候温和，棕榈树成荫，还有令人惊叹的火山，是休闲度假的理想场所。

	虽然这里的自然美景和郁郁葱葱的海岸风光可能让世界远离了东京繁华，但实际上它距离东京羽田机场大约两个小时路程，在体验了首都的艺术、文化和传统魅力之后，可以来参观鹿儿岛地区的风景，是日本旅行的完美第二站。

	东京

	随着太阳落山，东京的灯光亮起，是夜间探索这座城市的时候了。

	乘坐开放式夜空甲板巴士，参观必看的地标，包括点亮的东京塔和彩虹桥。

	还可以在Aqua City购物中心，吃美食、购物，以及拍照留念。

	参加大约两小时的城市旋风之旅，这也是行程丰富的游客的选择。
【1】【2】【3】【4】
        
        (责编：燕勐、杨牧)
      ",2019年02月20日16:23,http://world.people.com.cn/n1/2019/0220/c107182-30808252.html,,体验了东京的繁华 再到风景如画的鹿儿岛看一看,人民网>>国际>>外媒关注,http://world.people.com.cn/n1/2019/0220/c107182-30808252.html,
(责编：常红、杨牧),人民网-国际频道,"
        中国人民大学校长刘伟和路易斯大学校长安德里亚·普伦奇佩签署两校全面战略合作伙伴协议。
        
	人民网北京4月1日电  （记者 常红）3月29日，中国人民大学-路易斯大学全面战略合作伙伴协议签署仪式举行。中国人民大学校长刘伟，路易斯大学校长安德里亚·普伦奇佩，意大利经济发展部副部长迈克·杰拉奇出席并致辞。中国人民大学常务副校长王利明、副校长杜鹏，路易斯大学校董事会常务副主席塞拉·路易吉、校董事会副主席保拉·塞韦里诺、副校长菲奥里·乔瓦尼、副校长拉斐尔·马尔凯蒂等出席。杜鹏主持会议。

	刘伟代表中国人民大学对迈克·杰拉奇副部长和安德里亚·普林奇佩校长一行表示欢迎。他指出，在习近平主席和马塔雷拉总统会晤刚刚结束之际，中国人民大学和路易斯大学两校在此相聚，为携手推动中意教育文化交流努力，正像马塔雷拉总统所讲的，这是两个“紧密而重要的伙伴”走到一起来。中国人民大学是一所以人文社会科学为主，兼有精干理工学科的综合性研究型大学，被习近平主席誉为在中国“人文社会科学领域独树一帜”。路易斯大学作为意大利国内综合实力排名第一的私立高等学府，在工商管理、政治经济与法学等领域享有盛誉。本次全面战略合作伙伴协议的签订，既是两所大学顺应时代发展，为中意高等教育交流注入强大动力的重要事件，更是弘扬两国文化，传承丝路精神，促进“民心相通”的具体体现，同时这也标志着两所大学的合作进入新阶段，具有重要的里程碑意义。“千里之行，始于足下”，我们愿意同路易斯大学一道，脚踏实地、乘势而上，进一步深化两校之间的人文交流与学术合作，携手推动建设世界范围内人文社会科学教育领域的平台，为新时期中意乃至世界高等教育发展注入更多时代内涵和发展动力，为历久弥坚的中意友好关系谱写新的篇章。

	普伦奇佩·安德里亚表示，在意中两国即将迎来建交50周年之际，马塔雷拉总统与习近平主席签署了一系列互利共赢的合作协议，这标志了两国合作达到了一个新的高度。本次路易斯大学与中国人民大学全面战略合作伙伴协议是在两国合作协议框架下签署的，今后两校的合作将成为学术领域一个新的亮点，为两国加强学术交流合作提供助力。路易斯大学虽然非常年轻，但发展迅速，在未来十年间，学校将从全球参与、企业参与、学生与校友参与几方面贯彻“积极参与”战略，进一步加强与以中国人民大学为代表的全球顶尖高校开展合作，为步入欧洲顶尖的社会科学高等学校之列而奋斗。

	迈克·杰拉奇表示，不久前，意中两国元首会面，并签署了包括共同推进“一带一路”建设的谅解备忘录在内的系列合作协议，标志了国与国之间的协议和合作不仅仅停留在框架层面，而是形成了令人鼓舞的实质性进展。今天两校签署重要校际协议，是对两国合作协议的落实和实践，将意中两国合作的巨大潜能转化为了教育领域的重要动能。

	刘伟、普伦奇佩·安德里亚签署了两校全面战略合作伙伴协议，王利明、塞拉·路易吉签署了两校种子基金合作协议，中国人民大学出版社社长李永强、塞拉·路易吉签署了“一带一路”学术出版联盟合作协议，中国人民大学国际关系学院院长杨光斌、保拉·塞韦里诺签署了中国人民大学国际关系学院与路易斯大学双学位协议。刘伟代表学校向普伦奇佩·安德里亚赠送了由我校艺术学院学生设计的艺术作品。

	签约仪式后，意大利经济发展部副部长迈克·杰拉奇在国学馆发表演讲。

	杜鹏在演讲会上致辞，他表示，中国和意大利是东西方文明的杰出代表，为推动人类文明的发展做出了巨大贡献。古老的丝绸之路曾经将中国和古罗马连接到一起，促进了东西方信息的交流和文化的繁荣；如今，“一带一路”为中意两国加强交流互信、拓展合作领域带来了新的历史机遇。在此背景下，中国人民大学和路易斯大学的合作必将达到新的高度。中国的改革开放取得了举世瞩目的成就，越来越多的国外经济学家开始关注中国经验和中国故事，这其中就包括迈克·杰拉奇先生，相信他在今天的演讲会上也会分享最新研究成果和独到见解。

	拉斐尔·马尔凯蒂致辞，他表示，今天早上路易斯大学与中国人民大学签署了战略合作伙伴协议，包括三个主要的部分：促进学生交流、促进学术研究的合作、促进学校政策方面的沟通。罗马和北京在过去和现在都有着丰厚的文明财富，我们两校的对话将会在未来更好地推进彼此之间的文化交流。我们两校的合作得到了迈克·杰拉奇副部长的大力支持，这必将推动我们进一步开展更加丰富、多层次的政治与文明对话。

	迈克·杰拉奇发表演讲。他表示，上周是一个非常重要的时期，尤其对于中意两国有着特别的意义，因为两国正式签署了“一带一路”合作谅解备忘录，意大利新一届的政府希望能够以更加积极的姿态加入到与中国的商业关系当中。意大利是欧盟创始国之一，所以我们的决策发挥着举足轻重的作用，但是我们希望能够跟其他国家建立起更加紧密的商业和经济合作关系，特别是中国。对于贸易来说，我们关注的是如何能够做得更好、更加高效，中国的数字化、电子支付和物流是非常有优势的，是值得我们学习的。除此之外，我们还应该加强知识和文化领域的交流，我在中国生活过十年，非常幸运目睹了中国快速的经济转型和社会发展变革，非常希望中意两国人民能够增进了解、共谋幸福。

	演讲会上，参会师生与迈克·杰拉奇进行了问答交流。

	会后召开了中国人民大学-路易斯大学工作会议，进一步探讨未来两校合作事宜。工作会议上，杜鹏首先对人民大学的概况进行介绍，他强调了我校在人文社会科学领域的学科优势，并从师生人数、学科分布、智库建设、国际合作等方面对我校情况进行了全面展示。塞拉·路易吉对路易斯大学的基本情况进行了详细介绍。随后，我校法学院副院长程磊、科研处副处长郭瑜、商学院副院长邓子梁、发展规划处副处长刘昌乾分别展示了有关学院部处的概况及国际化情况。路易斯大学董事会副主席保拉·塞韦里诺、副校长拉斐尔·马尔凯蒂、工商管理系主任扎托尼·亚历山德罗、体育学院院长德尔·贝内·保罗分别就该校法学院、国际关系学院、工商管理系及体育学院的情况进行了介绍。各部门展示后，两校围绕国际小学期学生交流，法学、工商管理及国际关系领域硕士联合培养项目，丝路学院及国际体育友谊赛等话题进行了具体探讨。

	下午，中国人民大学-路易斯大学“数字基础设施和数字商务”专题研讨会在我校商学院举行。邓子梁主持会议。保拉·塞韦里诺、人大出版社数字出版中心主任陈健、商学院王阳雯分别以“国际化背景下的网络安全和创业”“数字基础设施与数字出版”“数字时代的竞争：网络效应”为主题进行演讲，并围绕上述话题展开深入讨论。

	研讨会后，路易斯大学代表团分别前往我校法学院、商学院、国际关系学院进行交流。杜鹏与安德里亚·普伦奇佩、塞拉·路易吉举行双边会见，就两校未来开展具体合作等事宜进行探讨。

	当天晚上，中国人民大学党委副书记、纪委书记、艺术学院院长吴付来出席在意大利驻华大使馆举办的路易斯大学-人民大学专场音乐会，意大利驻华大使馆临时代办冯竹森、文化参赞孟斐璇等一同出席。音乐会由菲奥里·乔瓦尼主持。

	演出开始前，冯竹森、安德里亚·普伦奇佩、吴付来分别致辞。吴付来对路易斯大学的邀请及意大利驻华大使馆对本次活动的支持表示感谢，并表示，明年中意两国将共同迎来建交50周年，届时两国将互办文化与旅游年，而音乐作为一种通过双耳连接心灵的艺术，也将在中意友好关系中承担重要作用。愿音乐的纽带将我们紧密相连，翻开人民大学与路易斯大学乃至中意两国合作的新篇章。

	音乐会由中国人民大学艺术学院和中央音乐学院附中四季乐团学生同台呈现，演奏曲目结合了中意两国广为流传的经典佳作。中国人民大学艺术学院师生、两校网球及篮球队队员等参加音乐会。

	3月30日上午，中国人民大学女篮与路易斯大学男篮进行篮球交流赛，双方互换一半队员，以男女混合形式进行比赛。两校网球队代表以男女混合双打形式进行比赛。比赛中，双方球员建立了友好联系，展现了良好的精神风貌。最终，我校与路易斯大学篮球赛以87:87结束，网球赛以4:2、1:4结束。杜鹏、安德里亚·普伦奇佩、塞拉·路易吉、保拉·塞韦里诺等出席并观看比赛。

        中国人民大学校长刘伟致辞路易斯大学校长安德里亚·普伦奇佩致辞意大利经济发展部副部长迈克·杰拉奇致辞中国人民大学-路易斯大学全面战略合作伙伴协议签署仪式举行。
        (责编：常红、杨牧)
      ",2019年04月01日08:59,http://world.people.com.cn/n1/2019/0401/c1002-31006478.html,,中国人民大学与意大利路易斯大学签署全面战略合作伙伴协议,人民网>>国际,http://world.people.com.cn/n1/2019/0401/c1002-31006478.html,
(责编：贾文婷、杨牧),人民网-国际频道,"
        中国驻多伦多总领馆网站截图
        
	人民网讯 中国驻多伦多总领馆网站消息，据加拿大警方通报，当地时间3月23日晚6时左右，一名中国留学生在加拿大安大略省万锦市被绑架，目前约克区警察局正在调查此案并寻找受害人。

	中国驻多伦多总领馆对此高度重视，立即启动领事保护应急机制，第一时间联系约克区警方了解案情，要求警方全力寻找并安全解救受害人，采取切实措施保障辖区内中国公民合法权益。总领馆也第一时间与受害人家属取得联系并通报有关情况。

	下一步，总领馆将继续密切跟踪此案进展，同警方、学校和家属等有关方面保持密切沟通，在职责范围内提供一切必要协助，积极做好涉中国公民领事保护和协助工作。

        
        (责编：贾文婷、杨牧)
      ",2019年03月25日11:23,http://world.people.com.cn/n1/2019/0325/c1002-30993990.html,,中国留学生被绑架 我驻多伦多总领馆开展应急处置工作,人民网>>国际,http://world.people.com.cn/n1/2019/0325/c1002-30993990.html,
(责编：田婉晴(实习生)、樊海旭),新华网,"
        
        
	反映清代宫廷女性生活的“凤舞紫禁：清代皇后的艺术和生活”展览将于30日在美国首都华盛顿正式拉开帷幕。故宫博物院副院长朱鸿文日前在华盛顿接受新华社记者专访时表示，此次故宫众多藏品不远万里赴美亮相，是故宫文化海外传播的又一里程碑事件，有助于加深美国民众对中国清代历史文化的了解，推动中美在文博领域取得更多合作成果。

	此次展览由故宫博物院和美国弗里尔和萨克勒博物馆、皮博迪-埃塞克斯博物馆共同举办，将持续至6月23日，届时将有165件（套）故宫藏品在弗里尔和萨克勒博物馆对公众展出。这是故宫藏品赴美展出规模最大的一次。

	朱鸿文介绍说，此次展览是为庆祝中美建交40周年而特别设计的文化交流项目，吸收了来自两国多家博物馆的珍贵藏品，其中包括美国总统特朗普访华时参观过的、由清代乾隆皇帝为其母打造的巨大金发塔，弗里尔和萨克勒博物馆提供的5米高慈禧太后油画屏等。

	据主办方介绍，展览意在通过展示宫廷像轴、画卷、服饰、家具和宗教文物等，帮助美国民众集中了解崇庆太后（乾隆生母）、孝贤皇后（乾隆妻子）和慈禧太后3个重要人物，通过婚姻、国事、家事、生活、精神世界和宫廷历史等6大主题呈现她们的生活和对国家政治、艺术和宗教的影响。

	朱鸿文说，此次展览之所以聚焦清代皇后群体，一方面与美方民众对中国古代宫廷女性的生活感到好奇有关，另一方面也是因为清代是中国古代君主专制制度发展最为成熟完善的阶段，这些宫廷女性在特定历史阶段起到了非常重要的作用。

	她介绍说，为了帮助美国民众更好地理解展览内容，双方学者在展品前期遴选、内容设计等方面进行了大量的研究和沟通，美方人员在陈列设计、文物运输等环节展示出较高的专业水准。此展曾于去年8月18日至今年2月10日在波士顿首展，取得极大成功，被《波士顿环球报》评为2018年度艺术博物馆最佳历史主题展。

	近年来，故宫和美方机构在文物保护、研究和展览等领域开展了一系列合作。除此次展览外，故宫已赴纽约等多地举办了“紫禁城文物展”等7次展览，约850件（套）展品参展，美方亦有234件（组）展品赴故宫亮相。此外，故宫还与美国多家文化机构通过对话、论坛等形式探讨加强合作的新途径，为进一步利用国际专业资源、提高自身文物保护水平提供了新的契机。

	朱鸿文介绍说，为增进各国人民对故宫特色中国传统文化的了解，故宫已与印度喀拉拉邦历史研究委员会签署合作谅解备忘录，并与白俄罗斯国家美术馆、俄罗斯克里姆林宫、美国博物馆联盟签署了战略合作协议，内容涉及文物陈列展览、藏品科技保护、文化产品研发、文博人才培养等多个层面。未来除传统的展览合作之外，故宫还计划借助数字技术、文创产品展示等新形式推介自身文化，加强各国人民对故宫的了解。（新华社记者朱东阳 孙丁 金悦磊）

        
        (责编：田婉晴(实习生)、樊海旭)
      ",2019年03月29日13:24,http://world.people.com.cn/n1/2019/0329/c1002-31003246.html,,专访：让美国民众更加了解故宫文化——访故宫博物院副院长朱鸿文,人民网>>国际,http://world.people.com.cn/n1/2019/0329/c1002-31003246.html,
(责编：岳弘彬、樊海旭),人民网－人民日报海外版,"
        
        
	　　据新华社耶路撒冷4月1日电  （记者陈文仙、吕迎旭）“犹太人在天津”纪念活动1日晚在位于以色列中部城市特拉维夫的中国文化中心开幕。

	　　此次活动主要包括图片展和音乐会。图片展展出了约50张反映20世纪30至40年代天津面貌的照片，绝大部分照片由弗里德曼家族提供，图片展将持续一个多月。包括弗里德曼一家在内的100多名犹太人参加了当晚的活动。

	　　丹尼尔·弗里德曼在接受新华社记者采访时说，这些照片是他的父亲卡尔·弗里德曼1938年至1948年在天津生活期间拍摄的，从这些照片中可以看到当年天津的街道和人们的生活。

        
        (责编：岳弘彬、樊海旭)
      ",2019年04月03日03:34,http://world.people.com.cn/n1/2019/0403/c1002-31010104.html,,“犹太人在天津”图片展在以举行,人民网>>国际,http://world.people.com.cn/n1/2019/0403/c1002-31010104.html,
(责编：燕勐、杨牧),新华网,"
        
        
	新华社北京4月4日电 题：“会说话”的国宝让世界聆听中国

	新华社记者韩梁

	威严的龙袍、端坐的神兽、精妙的绘画……正在莫斯科克里姆林宫展出的“繁盛的18世纪”故宫珍宝展吸引大批俄罗斯观众。精心布展、创意互动，生动呈现出古中国的繁盛，让人感知中国文化的深厚底蕴。

	与之相映成趣的是，今年1月，在法国巴黎的一场“博物馆奇妙夜”活动中，故宫等中国文博机构的创造力让法国文化界人士惊艳：会唱歌的《千里江山图》，以敦煌莫高窟藻井壁画为主题的微信小程序，以小篆字体为灵感的创意书签和输入法……让海外观者触摸中国文化的质感。

	以故宫为代表的中国文博机构正在用更“走心”、更“灵巧”的方式向世界传播中国文化。国宝“活”起来，古老的文化“新”起来，越来越多海外受众在传统与现代的美妙融合中，感知中国文化的恒久魅力，见证不同文明交流互鉴的美美与共。

	中外文博领域的数字合作、创意合作令人眼亮。以中国建筑工艺经典“榫卯”为灵感的智趣游戏《第五大发明》被法国吉美博物馆收藏，中国设计师基于《蒙娜丽莎》和敦煌壁画设计的文创作品，今后将在法国博物馆文创店开售……数字技术、互联网技术等手段的运用，让全球受众在欣赏古典中国之美时，亦能感受扑面而来的时代新风。

	当抽象的文化符号变为可感的真切体验，当厚重的思想理念以新颖的方式传播呈现，传统文化就有了更多人情味和亲和力，不仅飞入寻常百姓家，也能够打破文化藩篱，进入海外民众心间。

	中国文博与文创走向世界的同时，全球的文博艺术机构也在走进中国。大英博物馆淘宝开店后，不少“镇馆之宝”加进中国网友的购物车，经常断货。有网友调侃：这是要跟故宫抢生意吗？

	想象一下，用着祭祀玻璃杯，涂着故宫郎窑红口红，玩着小黄鸭玩具，用着万寿龙袍围裙，这不就是海纳百川、融汇中西的和谐图景嘛！而作为文创和衍生品开发的“前辈”，大英博物馆从设计到营销的完整文创产业链，也值得中国文博机构学习借鉴。

	博物馆不仅是在展示国宝，更是在传承文明记忆。文创不是在卖产品，而是在用文化和创意讲故事。中国博物馆和新文创带给世界的，是一个既深沉又飞扬，既充满历史质感又富有青春活力的“立体中国”。故事里有一个古老民族的审美品味与思想底色，也有一个东方大国的精神求索与天下情怀。

	中国在用心讲故事，世界也在聆听中国故事。

        
        (责编：燕勐、杨牧)
      ",2019年04月04日19:48,http://world.people.com.cn/n1/2019/0404/c1002-31014838.html,,新华国际时评：“会说话”的国宝让世界聆听中国,人民网>>国际,http://world.people.com.cn/n1/2019/0404/c1002-31014838.html,
(责编：燕勐、杨牧),新华网,"
        
        
	新华社莫斯科4月3日电 通讯：“中国风”吹进克里姆林宫——故宫珍宝展在俄受欢迎

	新华社记者张骁 马晓成

	走过斑驳的石桥，穿过高耸的塔楼，雄伟壮观的克里姆林宫建筑群赫然出现在眼前。

	克里姆林宫内，赫赫有名的武器博物馆、神圣宏伟的教堂广场建筑群等都属于克里姆林宫博物馆。“繁盛的中国18世纪”故宫珍宝展正在这里举行。展馆内人流如织、熙熙攘攘。在欧式建筑鳞次栉比的教堂广场，一抹“中国风”显得格外惊艳靓丽。

	“这是中国清朝皇帝的龙椅。”推开沉重的古堡木门，记者看到一群八九岁的孩子和他们的家长簇拥在龙椅前方，一位讲解员正在绘声绘色地为他们讲述龙椅的故事。

	展厅以红、黄、蓝三色为主色调，昏暗的光线将氛围烘托得尤为庄严。展厅不大，呈四方形，但展品丰富且精致。龙椅坐落在展区中央玻璃展柜内，两只神话传说中的神兽甪端分列其左右。

	展厅左右两侧分别挂着巨幅《乾隆皇帝朝服像》轴和《孝贤纯皇后朝服像》轴。一位胡须花白、学者模样的老先生指着乾隆皇帝的朝服为随行同伴详细讲解着。他拄着拐杖，在每一件展品前都会停留片刻，言语间透着对中华文明的热爱与向往。

	这位老先生叫亚历山大，酷爱中国古代传统文化，是个实打实的“中国迷”。他对康熙时期的中国史尤为着迷，家里收藏了十几件康熙年间的文物。

	“近年来，两国文化交流愈加频繁，这为热爱中国历史文化的‘中国迷’们提供了千载难逢的机会。”亚历山大表示，希望两国在未来举行更多文化交流活动。

	本次展览是中俄双边文化合作的重要活动，展览3月15日正式开幕，将持续到5月30日。克里姆林宫博物馆根据展览的内容和特点将举办6场讲座，帮助俄罗斯民众更深入地了解清代及中国传统文化。

	“目前所有讲座已预约满，名额供不应求。”克里姆林宫博物馆国际展览部主任叶卡捷琳娜·卡拉瓦耶娃说，博物馆将组织更多讲座，以满足热爱中国文化的俄罗斯观众。

	折纸龙、看皮影戏表演、听中国古老的历史与传说……克里姆林宫博物馆还为儿童开设了专属环节，让孩子们在欢乐氛围中了解中国文化。

	近年来，克里姆林宫博物馆与北京故宫博物院、上海博物馆签署了战略合作协议，在文物展览、文物保护和科学研究等方面展开全方位合作。

	“两国文化的碰撞总能擦出更加绚丽的火花。”卡拉瓦耶娃说。

	据悉，8月8日至11月8日，故宫将举办俄罗斯宫廷展，克里姆林宫博物馆将携150余件展品亮相故宫。

        
        (责编：燕勐、杨牧)
      ",2019年04月03日20:40,http://world.people.com.cn/n1/2019/0403/c1002-31012412.html,,“中国风”吹进克里姆林宫——故宫珍宝展在俄受欢迎,人民网>>国际,http://world.people.com.cn/n1/2019/0403/c1002-31012412.html,
(责编：岳弘彬、樊海旭),人民网－人民日报,"
        
        
	　　“时隔5年，习近平主席再次访问法国，让我想起5年前与习主席见面的经历。”法国医生贝熙叶的儿子让—路易·比西埃（中文名贝石涛）近日接受本报记者采访时说，“现在回想起来我依然感到十分激动”。

	　　习近平主席日前在法国《费加罗报》发表的署名文章中提到，此次对法国进行的访问“带着对法国人民的特殊情谊而来”，这让贝石涛深有感触。“法中友好关系历史悠久，高层交往为巩固传统友谊、推动世代友好发挥着重要引领和推动作用。”贝石涛对记者回忆道，2014年3月26日，他在戴高乐基金会第一次见到习近平主席，深切感受到习近平主席对法中两国传统友谊的珍视。

	　　2014年3月，习近平主席访问法国期间，在中法建交50周年纪念大会上发表的讲话中提到：“我们不会忘记，无数法国友人为中国各项事业发展作出了重要贡献。他们中有冒着生命危险开辟一条自行车‘驼峰航线’、把宝贵的药品运往中国抗日根据地的法国医生贝熙叶。”

	　　2015年9月3日，贝石涛受邀参加纪念中国人民抗日战争暨世界反法西斯战争胜利70周年招待会。“令我非常感动的是，习主席在大会上又一次提到我的父亲。能够在汇聚了众多国际人士、具有重要世界和历史意义的场合代表法国，我们感到非常自豪。”

	　　1913年，41岁的贝熙叶来到中国，一待就是40多年。抗日战争爆发前，他曾担任北京圣米歇尔医院院长、法国驻华大使馆军医和北京大学校医。抗日战争爆发后，他掩护爱国青年学生、共产党干部和国际友人奔向革命根据地，为中国抗日将士运送战地急需药品，被称为“无私援助中国人民的白求恩式医生”。

	　　贝石涛认为：“习主席多次提到我的父亲，是因为看重他在二战时期不顾生命安危维护正义、坚持人道主义的精神，这也展现了习主席对历史事实的重视、对和平的珍爱。”

	　　“父亲对中国的热爱令我印象深刻，中国是他的第二故乡。父亲去过很多国家，但他把人生的一半时光留在了中国。”贝石涛说，父亲贝熙叶曾说过，北京的郊区让他想起法国的乡野，中国人的淳朴和坦诚让他很有亲近感，也让他感受到两国文化的相通。

	　　记者在贝石涛的家中看到贝熙叶留下的中国瓷器、中国雕刻木柜和古书籍，墙壁上挂满了中国绘画作品。“生活在充满中国元素的氛围里，就好像我身在中国。”贝石涛在介绍家中陈设时说。“我记得习主席2014年在巴黎联合国教科文组织总部发表的演讲里强调应该推动不同文明相互尊重、和谐共处。在当前矛盾和冲突升级的世界，这样的呼吁尤为重要。”贝石涛说：“法国和中国有着不同的文化，就像我的家庭，是两种文化的融合，而我为此感到自豪。”

	　　多年来，贝石涛频繁往返于法中两国，整理与父亲有关的历史资料。“令人感动的是，追寻历史的记忆，我们发现，法国和中国在历史上的联系和友谊一直在延续。我为我的家族能够成为法中友好历史的一部分而自豪。对于两国来说，我们还要继往开来，让法中友好永远延续下去。”贝石涛说。

	　　（本报巴黎电） 


	　　《 人民日报 》（ 2019年04月03日 03 版）

        
        (责编：岳弘彬、樊海旭)
      ",2019年04月03日04:51,http://world.people.com.cn/n1/2019/0403/c1002-31010151.html,,“让法中友好永远延续下去”,人民网>>国际,http://world.people.com.cn/n1/2019/0403/c1002-31010151.html,
(责编：岳弘彬、樊海旭),人民网－人民日报,"
        
        
	showPlayer({id:""/pvservice/xml/2019/4/2/b1f3a388-943b-4baa-91c3-9976c152a194.xml"",skin:2,autonext:0,norecomm:1,height:""400"",width:""525""});

	
		
			
				
		
		
			
				
					　　观众正在参观投资中国展区。
					　　本报记者 李 强摄
			
		
	


	
		
			
				
		
		
			
				
					　　观众正在海尔展台参观。
					　　本报记者 李 强摄
			
		
	


	
		
			
				
		
		
			
				
					　　在西门子主展区，西门子与中国凯赛合作的案例被放在显著位置。利用玉米原料加工的生物尼龙材料和T恤衫在展台左侧。
					　　本报记者 李 强摄
			
		
	


	
		
			
				
		
		
			
				
					　　展区内的电子屏幕用包括中文在内的多种语言欢迎观众。
					　　本报记者 李 强摄
			
		
	


	
		
			
				
		
		
			
				
					 
			
		
	


	　　核心阅读

	　　2019年德国汉诺威工业博览会（工博会）3月31日晚拉开帷幕。本届汉诺威工博会以“融合的工业——工业智能”为主题，重点关注“工业4.0”、智能工厂、第五代移动通信技术（5G）、人机协作、能源智能网络等，共吸引来自全球75个国家和地区的6500家参展商，其中，中国展商数量超过1300家，仅次于东道主德国，中国“智造”正向国际先进水平迈进。

	　　

	　　汉诺威工博会创立于1947年，现每年举办一届，今年首次搭建大型5G测试平台，多样化的工业应用将在一个真实的5G网络环境中得到展示。本届工博会将持续至4月5日，参观人数预计超过22万。德国总理默克尔在开幕式上表示，汉诺威工业博览会见证着机器和数字、人工智能、信息技术之间的相互融合，在全球一直保持领先地位。

	　　“5G对未来工业的改变是革命性的”

	　　作为亮点之一，今年工博会现场专门设置了5G展馆，主办方在诺基亚和高通的支持下，搭建了一个真实有效的5G网络空间，现场展示了8项通过5G连接的具体案例，包括通过5G网络管理和控制的工业机器人，以及基于5G网络的模拟汽车生产车间等。

	　　德意志会展集团科技学院总经理托马斯·里尔克表示，“5G对未来工业的改变是革命性的。”在5G环境下，机器可以相互“交流”。在5G展馆里，机器臂不停地来回摆动作业，但不同的是，它们是通过5G网络接收指令，而不是传统的电缆。5G意味着信息量提高了上千倍，相关性能也提高了上百倍，通过5G可以同时实现处理、捆绑以及控制海量信息。

	　　来自德国蔡司公司的莫德里希也在展台前演示公司的设备：机器臂通过摄像头，用蓝色脉冲光线探测金属部件，通过传感器创造出点云。这些点云包含数百个质量参数，在5G环境下，参数可以被实时收集并评定，这不仅能够管控产品质量，也能够监控生产过程，如果产品损坏或者运行不准确，便能被实时识别。

	　　作为德国工业巨头，西门子集团再度成为单体规模最大的参展商，位于9号馆的主展位长达126米，在总面积超过4000平方米的展区，展示了数字化企业产品组合的众多新内容，旨在实现离散和流程工业下一阶段的数字化转型。

	　　西门子公司管委会成员兼数字化工业集团首席执行官何睿祺对记者表示：“通过将尖端技术融入我们的产品组合，西门子能够帮助工业企业利用全新的、更为广泛的方式从快速增长的数据中获益。利用人工智能、边缘计算和增材制造等技术，我们正在为工业的未来发展铺平道路。”

	　　“中国展商数量仅次于东道主德国”

	　　据工博会主办方官员介绍，“本届工博会的海外展商比例约60%，其中，中国展商数量仅次于东道主德国。”

	　　在6号馆正中央，海尔的COSMOPlat平台展位吸引了很多人的目光。这已经是COSMOPlat第三年参加汉诺威工博会。与传统智能制造不同的是，如今的COSMOPlat已孕育出农业、建陶、房车等15类行业生态子平台，此次参展带来了28个应用场景及179项解决方案。

	　　在农业展示板块，工作人员向记者展示了工业互联网平台如何应用于农业领域，如为大蒜产业赋能。山东金乡是著名的大蒜产地，每年都有鲜蒜和大蒜制成品出口欧盟国家。但传统农户经营往往靠天吃饭，在供需信息、库存管理、品牌价值以及产品深加工方面都存在不足，加上欧洲客户对种植环境、产品质量也有更高要求，当地蒜农常常增产不增收。

	　　COSMOPlat可以将上述所有环节整合至农业生态平台内，欧洲用户从下订单开始，可以全程跟踪产品的生长、仓储、深加工和物流运输，农户也可以提升种植管理水平，直接对接买家，合理配置库存，降低交易成本。目前海尔在山东金乡打造了1000亩大蒜示范基地，以大规模定制模式，为用户定制健康解决方案，蒜农已实现每亩增收520元。

	　　海尔家电产业集团副总裁陈录城对记者介绍说，COSMOPlat可以为用户提供跨行业、跨领域生态赋能和大规模定制社会化服务，助推企业转型升级，目前已在20个国家复制推广。

	　　海尔展区旁的华为公司展台同样格外显眼。4月1日下午，华为发布了Atlas智能计算平台，发布厅内座无虚席。Atlas是华为全栈人工智能解决方案的一个重要组成部分，将推动人工智能未来拥有最高的运算性能。基于华为的昇腾310芯片以及异构计算部分，Atlas系统可以降低人工智能在应用方面的入门要求，并使采用针对企业的人工智能服务及其快速发展成为可能。此外，华为还推介了5G LampSite系列产品，它可以使5G与智能制造相结合。

	　　“欢迎更多中国企业来这里投资兴业”

	　　作为今年西门子展台的亮点之一，巨幅的“玉米T恤”广告被竖立在汉诺威会展中心的显著位置。西门子与来自中国的凯赛生物产业有限公司（凯赛）合作，将玉米制成了T恤衫，减少碳排放。西门子与凯赛的合作，也作为西门子数字化工厂的案例，在主展台显著位置推出。

	　　相比传统化石原料合成，凯赛使用玉米淀粉制造生物基聚酰胺（俗称尼龙），产品性能更优，也更加环保。但生物合成过程和工艺复杂，有诸多难以控制的变量，常常影响产出效率和产品质量，影响市场竞争力。西门子大中华区首席执行官赫尔曼对记者介绍，借助西门子的数字化工厂技术，凯赛成功地克服了将实验室取得的成果复制转移到大规模生产中面临的主要挑战，从而实现了高效生产，缩短了产品上市时间，并且提高了研发合格率。目前，双方已携手在新疆乌苏建立了数字化生产基地，预计将使乌苏基地实现年产10万吨生物基聚酰胺的目标。

	　　中国航天科工集团有限公司（航天科工）今年携47项新技术和新产品第三次亮相汉诺威工博会。继2017年7月与德国西门子公司签署工业互联网与智能制造战略合作协议后，航天科工在今年展会上展示中德两公司最新合作成果，一个高度工业互联、具备智能算法包、集成设计和生产双重需求，并能实现多品种小批量柔性自动化生产的电连接器工厂样板间。

	　　该公司副总经理魏毅寅介绍，“从智能制造的角度看，中国企业的智能制造水平总体还需要继续努力。从技术本身来说，中国企业做的一些工业机器人、智能生产线，进步很快，中国‘智造’正向国际先进水平迈进。”

	　　本届工博会期间，2019年中德智能制造合作论坛4月1日在汉诺威会展中心举行。中国商务部投资促进事务局副局长李勇在论坛上表示，德国企业在高新技术、传统制造、汽车、节能环保等领域优势明显，而中国经济长期稳定增长，消费市场庞大，制造业产业链完备，自主研发实力不断增强，社会物流效率不断提高。这为两国投资合作提供了广阔空间。

	　　工博会搭台，中德合作成果也得到德国地方政府的肯定。汉诺威所在的德国下萨克森州州长斯特凡·魏尔在中德工业城市联盟全体会议的致辞中表示，“下萨克森州与中国安徽省早已经是友好省州，希望通过中德城市联盟的平台有更多中国城市和企业与下萨克森州开展合作，欢迎更多中国企业来这里投资兴业。”

	　　（本报德国汉诺威4月2日电） 

	　

	　　制图：王 婷 


	　　《 人民日报 》（ 2019年04月03日 16 版）

	
		 
	延伸阅读

	 

        
        (责编：岳弘彬、樊海旭)
      ",2019年04月03日05:00,http://world.people.com.cn/n1/2019/0403/c1002-31010210.html,,“中国‘智造’正向国际先进水平迈进”（新闻现场）,人民网>>国际,http://world.people.com.cn/n1/2019/0403/c1002-31010210.html,
(责编：燕勐、杨牧),人民网-国际频道,"
        
        
	人民网堪培拉4月4日电（记者 刘天亮） 出入口处两幅长卷遥相呼应，正厅屏幕以动图方式再现《乾隆南巡图》的生动场景，三位现代中国书法家的字画点缀其间，让人一下子置身于中国艺术的世界。4月4日在澳大利亚国家博物馆开幕的《中国艺术的历史表达——来自中国国家博物馆的书法与绘画》展览，把中国当代艺术家的传统书画以别开生面的方式展示给了澳大利亚观众。

	澳大利亚国家博物馆极为重视这场展览，开幕式当天邀请了中国驻澳大利亚大使成竞业、澳大利亚外交贸易部北亚司司长傅关汉、中国国家博物馆副馆长单威，多国驻澳使节及澳政商学界、文化界、媒体及友好人士约350人出席。

	这次在澳大利亚国家博物馆举行的中国传统书画艺术展，将免费对观众开放到7月28日。它是去年澳大利亚国家博物馆赴中国的展览——“大师：澳大利亚树皮画艺术家”的交换展。澳大利亚国家博物馆馆长特利卡告诉记者，他们和中国国家博物馆有多年的合作关系，筹备这个交换展花了四五年时间。特利卡表示，他很骄傲将这些重要的中国书画珍品引入澳大利亚进行第一次展出，“澳大利亚观众不仅能感受活灵活现的历史人物，也会被现代水墨画的活力和美感所熏陶”。这样的文化交流，“让我们了解中国的过去与未来，同时了解自身的过去和未来”。

	据了解，策划展览时，一开始确定的只有谢云、萧朗、王乃壮这三位中国现代艺术家的书画作品。单威对记者说，中国国家博物馆藏品丰富，选择当代作品，是因为讲好当代中国故事是他们十分重视的主题。他认为，通过艺术展览讲好当代中国故事，首先要注重情感共鸣。比如，中国革命题材的芭蕾舞剧《红色娘子军》到澳大利亚演出，被当地人所接受，因为他们读懂了作品中传达的妇女解放及如何承担社会责任的人类共同价值内涵。其次，要注重打通传统中国和现当代中国的历史脉络，让外国受众了解中国人的精神和情感世界是如何从过去到走到今天的。

	众多展品中，长达20米的《乾隆南巡图》（复制品）及根据此画制作的高清长卷动图被澳方认为是其中的亮点。澳大利亚国家博物馆文化顾问胡璇对记者表示，在商讨展品的过程中，他们一眼就看中了这组作品。动图与书画作品的完美结合，不仅能给澳大利亚观众带来新鲜的视觉体验，也让人在体味传统中国艺术的同时，看到现代中国的科技和经济实力。

	为了让展览层次更为丰富多元，澳大利亚国家博物馆还主动提出，将他们馆藏的50米书画长卷、由当地华人艺术家创作的《澳洲华人历史长卷》，作为展览的一部分。

	艺术无国界，交流越隔阂。中国驻澳大利亚大使成竞业表示，近年来，中澳两国在表演艺术、视觉艺术、文学出版、电影电视等领域的交流与合作日趋活跃。实践证明，两国文化艺术交流与合作越是活跃，两国民众对彼此的认知就越是深刻，对彼此不同的文化和艺术就有越来越高的鉴赏力。“相信此次展览有助于澳大利亚民众更多地了解中国的文化与历史”。

        
        (责编：燕勐、杨牧)
      ",2019年04月04日20:11,http://world.people.com.cn/n1/2019/0404/c1002-31014857.html,,在艺术共鸣中读懂传统和现代中国,人民网>>国际,http://world.people.com.cn/n1/2019/0404/c1002-31014857.html,
(责编：田婉晴(实习生)、樊海旭),人民网－人民日报海外版,"
        
         　　4月8日，驻南非中资企业招聘会在约翰内斯堡埃库尔胡莱尼西部学院博克斯堡校区举行。本次招聘会由南非高等教育部、南非中国经贸协会以及中国文化和国际教育交流中心共同主办。海信、中国联通、中国国航等约40家驻南非中资公司参加并提供200多个就业岗位。图为学生在招聘会现场向企业投递简历。　　新华社记者 陈  诚摄
        
        (责编：田婉晴(实习生)、樊海旭)
      ",2019年04月10日08:52,http://world.people.com.cn/n1/2019/0410/c1002-31022070.html,,驻南非中企举办招聘会,人民网>>国际,http://world.people.com.cn/n1/2019/0410/c1002-31022070.html,
(责编：白宇、樊海旭),人民网－人民日报,"
        
        
	　　“你好，谢谢，不客气……”近日，在巴黎十一区欧洲高等商学院的教室里，欧洲高等商学院商务孔子学院的校友班中文课正式开课。学生们都是商学院的毕业生和在读生，来自不同行业、多个国家，既有花甲老人，也有青年学生。

	　　在课堂上，老师以幻灯片和歌曲相结合的方式讲授汉语拼音基础知识，请学生讲述在中国的经历，课堂互动频繁，气氛活跃。安托万有在中国工作的经历，他告诉记者，如今中国在人工智能、数字科技等领域已成为全球领导者，他在生活和工作中常常接触到中国科技产品。安托万说，他学习中文正是适应大环境的需要，未来会说中文将会成为一个优势。

	　　“武汉、杭州、深圳……”当老师问起中国城市时，法国女孩夏娃脱口而出。她参与过她所属的公司与中国合作的项目，“这让我意识到学好中文的重要性。如今法中合作领域广泛，学习中文可以更好了解中国。”夏娃出生在巴黎华人聚居区“美丽城”，从小生活在这样的文化氛围中，她希望学好中文，结交更多中国朋友，到中国去看一看。

	　　正在读研究生预科的阿芒迪娜听课十分认真，记了不少笔记。阿芒迪娜身边有很多中国朋友，她说：“学习中文能为自己的职业选择提供更多可能。虽然学习中文不容易，但是我会坚持。”

	　　欧洲高等商学院商务孔子学院由北京外国语大学和欧洲高等商学院合办，是巴黎大区第一所商务孔院，其特色就在于提供商务汉语课程。该院法方执行院长唐曼歌告诉记者，语言是理解的基础，文化是商务往来的钥匙，孔子学院成立的目的，是以语言和文化为桥梁促进欧洲人才与中国的合作。

	　　在唐曼歌看来，孔子学院的吸引力不仅仅在于中国文化，还包括中国的软实力、发展的中国带来的机遇等。唐曼歌介绍说，该商学院60%的学生为外国人，国际化程度很高。“孔子学院提供了一个中国视角，让学生们更好地了解中国。”

	　　中国驻法国使馆教育处的数据显示，目前全法共有16个孔子学院和两个孔子课堂，成为在法汉语推广和文化交流的重要窗口。学习中文在法国成为一股热潮，2018年全法超过11万人学习汉语，法国政府在10个学区的46所中小学开设中文国际班，数量在法国17种语言国际班中居第三位，仅次于英国英语、美国英语。

	　　（本报巴黎3月28日电）


	　　《 人民日报 》（ 2019年03月29日 16 版）

        
        (责编：白宇、樊海旭)
      ",2019年03月29日05:54,http://world.people.com.cn/n1/2019/0329/c1002-31001643.html,,架起中欧人才合作的桥梁,人民网>>国际,http://world.people.com.cn/n1/2019/0329/c1002-31001643.html,
(责编：常红、杨牧),人民网-国际频道,"
        中国人民大学校长刘伟
        
	人民网北京4月1日电  3月29日，中国人民大学-路易斯大学全面战略合作伙伴协议签署仪式举行，中国人民大学校长刘伟出席并致辞。刘伟认为，中国人民大学和路易斯大学在中意两国具有广泛的学术与社会影响，双方全面战略合作伙伴协议的签署，相得益彰强强联合。两校将依托学科优势，致力于深化拓展师生交流、合作研究、联合培养双学位项目，联合举办高端论坛并开展“一带一路”出版合作，共同为中意两国高等教育的发展做出贡献。中意两国在人文教育领域的合作也必将达到一个新的高度。

	中国与意大利都是文明历史悠久、文化底蕴深厚的大国。中华文明绵延五千年而不断，意大利的首都罗马也曾一直是西方文明的中心。公元前138年和公元前119年，张骞两次出使西域，开辟出连接欧亚的丝绸之路，将东西方文明的两个端点——中国与古罗马连接在了一起。丝路古道上，中国的锦绣文绮运往古罗马，而古罗马的精工制造也源源不断地来到中国。

	1970年11月6日，中国和意大利正式建交。近50年来，两国携手发展，在诸多合作领域取得了丰硕的成果，结下了深厚的友谊。就在一周之前，习近平主席访问意大利，两国正式签署中意“一带一路”合作谅解备忘录。意大利成为G7成员国中首个加入“一带一路”倡议的国家。中意两国战略性发展合作达到新的高峰，中意两国在人文教育领域的合作也必将达到一个新的高度。

	今天，我们在这里签署中国人民大学与意大利路易斯大学战略合作伙伴协议等一系列协议，既是两所大学顺应时代发展，为中意高等教育交流注入强大动力的重要事件，更是弘扬两国文化，传承丝路精神，促进“民心相通”的具体体现。

	中国人民大学是一所以人文社会科学为主，兼有精干理工学科的综合性研究型大学，被誉为“中国人文社会科学高等教育的一面旗帜”，在中国高等教育体系中享有举足轻重的重要地位。意大利路易斯大学作为意大利国内综合实力排名第一的私立高等学府，在工商管理、政治经济与法学等领域享有盛誉。

	2018年6月，中国人民大学与路易斯大学在罗马签订校际合作谅解备忘录及校际学生交换协议，正式开启了两校之间全面的交流与合作。同时，两校还共同签署了共建路易斯大学“中国馆”协议，致力于以电子书、视听资源为核心，打造世界上第一个先进的数字化中国馆，建成为意大利各大学和学生所共享、体验和推广中国文化的现代化平台。今天，我也很高兴在北京迎接路易斯大学代表团的到来，共同见证两校合作伙伴关系升级为全面战略合作伙伴关系这一重要时刻。

	中国人民大学和路易斯大学在中意两国具有广泛的学术与社会影响，双方全面战略合作伙伴协议的签署，可谓相得益彰、强强联合。两校将依托学科优势，致力于深化拓展师生交流、合作研究、联合培养双学位项目，联合举办高端论坛并开展“一带一路”出版合作，共同为中意两国高等教育的发展做出贡献。

	中国有句老话：“千里之行，始于足下”。希望两校脚踏实地、乘势而上，以全面战略合作伙伴协议的签署为契机，进一步深化两校之间的人文交流与学术合作，携手推动建设世界范围内人文社会科学教育领域的平台，为新时期中意乃至世界高等教育发展注入更多时代内涵和发展动力，为历久弥坚的中意友好关系谱写新的篇章。

	据了解，2011年，中国人民大学国际关系学院与路易斯大学签署了研究生交换协议。2016年，双方续签协议，有效期5年。7年来，路易斯大学向中国人民大学派送了14名交换生，中国人民大学向路易斯大学派送了6名交换生。2018年6月15日，中国人民大学党委副书记、纪委书记吴付来率团访问意大利，与意大利享有盛誉、排名第一的私立大学路易斯大学签署两校合作谅解备忘录和学生交换协议，并参加意大利中国馆项目备忘录签约仪式等活动，受到了意大利政府、高校和媒体的广泛关注。10月11日，中国人民大学刘伟校长会见了该校校长安德里亚·普伦奇佩。

	意大利路易斯大学（LUISS）, 全称国际社会科学自由大学（Libera Università Internazionale degli Studi Sociali Guido Carli），成立于1977年，位于意大利罗马，是一所小型私立大学。学校于2016年被意大利知名媒体SOLE 24 评为国内综合实力第一的私立学校。该校工商管理硕士（MBA）和政治学项目最具实力和竞争力。学校下设四个系：经济与金融系，商业与管理系，法律系和政治学系。在校学生共9067人，教师与学生比例为1：7。此外，学校还设有四所研究生和专业研究学院：商学院、政府学院、法学院和欧洲政治经济学院。

        
        (责编：常红、杨牧)
      ",2019年04月01日09:25,http://world.people.com.cn/n1/2019/0401/c1002-31006623.html,,刘伟：中意人文教育领域合作将达到一个新高度,人民网>>国际,http://world.people.com.cn/n1/2019/0401/c1002-31006623.html,
(责编：刘晓琰(实习生)、樊海旭),科技日报,"
        
        
	据美国《新闻周刊》网站近日报道，俄罗斯弹道导弹、航天器和空间站制造商科罗廖夫能源火箭航天公司(RKK Energiya)宣布，为了未来的深空探测任务，该公司正在开发一种专供宇航员在太空使用的洗衣机。

	普通洗衣机需要重力才能发挥作用，且必须在某处存放大量水——这会增加重量，所以，执行太空任务并不适合携带洗衣机。这意味着宇航员不能在太空洗衣服，因此，他们要么在整个任务期间带上足够多的衣服；要么依靠昂贵的再补给任务，并将废弃的衣物扔进太空。

	参加长期任务的宇航员，例如在国际空间站上执行为期6个月任务的宇航员，经常会连续几天穿着同一套衣物，只有当这套衣服变脏时，才会换上新衣服。据《太空安全》杂志报道，穿着脏衣服不仅让宇航员深感不适，也可能为危险的微生物生长和扩散提供“温床”。

	科罗廖夫能源火箭航天公司此前已在一篇论文中概述了该太空洗衣机计划。论文称，这种洗衣机可以安装在国际空间站上。

	在论文中，作者估计，每年有约1450磅(约658公斤)衣物被运到国际空间站，以满足3名宇航员的要求。而为期两年的火星旅途会有6名机组人员参与，因此，所需衣物可能会增加到3吨，任务的成本和复杂性也随之水涨船高。作者认为，在国际空间站上配备卫生处理(洗涤)设备，可以显著减少个人卫生用品和衣物的库存。

	俄罗斯科学家说，这种太空洗衣机使用的不是水，而是宇航员在宇宙飞船上呼吸产生的二氧化碳，特殊技术会将这些二氧化碳在高压下变成液体，以清洗衣物。

	这并非首个太空洗衣机计划，美国国家航空航天局此前曾委托生产商制造一种低功率、低水位清洗设备的原型，该设备被设计为在低地球轨道或月球或火星的微重力条件下工作。(记者刘霞)

        
        (责编：刘晓琰(实习生)、樊海旭)
      ",2019年04月04日08:48,http://world.people.com.cn/n1/2019/0404/c1002-31013672.html,,俄罗斯研制太空洗衣机 二氧化碳变为液体清洗衣物,人民网>>国际,http://world.people.com.cn/n1/2019/0404/c1002-31013672.html,
(责编：谭晓祺(实习生)、杨牧),新华网,"
        
        
	印度研究人员最新发现，一种先前未知的酶能够影响细菌细胞壁的合成。以这种酶为靶点，有望开发出新的抗菌药物。

	印度细胞和分子生物中心研究人员在新一期美国《国家科学院学报》上发表论文介绍，他们在研究大肠杆菌时发现，一种特殊的肽聚糖水解酶在细胞壁合成中起到关键作用。这种酶可以“剪开”原有细胞壁，为新生成的细胞壁组织提供空间，从而实现细胞壁的扩展，让细菌得以生长繁殖。

	研究人员说，这种酶在其他细菌中也存在。若能抑制这种酶的功能，则有望开辟一条新的抗菌途径，研发出能够杀死细菌的新药。他们接下来的任务是弄清这种酶的分子结构并开展新药研发实验。
 
        
        (责编：谭晓祺(实习生)、杨牧)
      ",2019年04月08日15:03,http://world.people.com.cn/n1/2019/0408/c1002-31018089.html,,印度研究人员发现抗菌新途径,人民网>>国际,http://world.people.com.cn/n1/2019/0408/c1002-31018089.html,
(责编：谭晓祺(实习生)、杨牧),新华网,"
        
        
	4月7日在法国戛纳国际电视节上，湖南卫视声乐竞演节目《声入人心》与美国制作公司签约，这一中国原创电视节目模式将在北美地区发行。

	7日在戛纳举行的《声入人心》鉴赏会吸引了来自多个国家和地区的300余位电视行业专家与买家。现场同时举行签约仪式，《声入人心》节目模式正式授权给美国制作公司Vainglorious，这一原创节目模式将在北美地区发行。

	据湖南卫视总监丁诚介绍，《声入人心》是湖南卫视原创的一档声乐竞演类节目，集结了36位出自专业院校的美声歌手，以流行元素与高雅音乐相结合的方式进行音乐选秀，目前这一节目的第一季已取得较高收视率及良好口碑。

	Vainglorious公司首席执行官惠特尼·萨德勒-史密斯在签约仪式上表示，这档节目将歌剧与流行音乐结合在一起，非常有趣。这一节目模式引入北美是东西方文化进行更好融合的新契机。（杨一苗 韩茜）
 
        
        (责编：谭晓祺(实习生)、杨牧)
      ",2019年04月08日15:10,http://world.people.com.cn/n1/2019/0408/c1002-31018110.html,,中国原创电视节目模式将被引入北美,人民网>>国际,http://world.people.com.cn/n1/2019/0408/c1002-31018110.html,
(责编：谭晓祺(实习生)、杨牧),新华网,"
        
        
	一项新研究发现，澳大利亚大堡礁新生珊瑚数量比历史水平下降了89%。这意味着不断升高的海水温度已破坏了大堡礁的再生能力。

	澳大利亚研究人员通过研究大堡礁目前存活的成年珊瑚发现，与前几年相比，大堡礁的珊瑚再生出现了“崩溃”，严重影响了珊瑚种群的更新换代。其中，鹿角珊瑚数量下降尤为严重，下降率高达93%。

	2016年和2017年连续两年海洋热浪使得大堡礁大量珊瑚种类出现白化甚至死亡，大堡礁面积出现前所未有的缩减。在过去20年间，大堡礁经历了有史以来的四次大规模珊瑚白化事件。

	研究人员估计，即便不再出现任何珊瑚白化事件，大堡礁也需要5至10年的时间恢复至原有水平。澳大利亚詹姆斯·库克大学珊瑚礁研究项目中心主任特里·休斯警告说，珊瑚对温度变化很敏感，所能承受的变暖程度是有限的，“未来十年，人们几乎无法避免第五次甚至第六次珊瑚白化事件。大堡礁珊瑚群存在整体崩溃的可能”。

	相关研究成果近期已发表在英国《自然》杂志上。

	纵贯于澳大利亚东北沿海的大堡礁是世界上最大的珊瑚礁群，全长2300多公里。正常情况下珊瑚会呈现多种色彩，这些颜色来自寄居的藻类，这些微小的共生藻也通过光合作用为珊瑚提供能量。没有了这些藻类，珊瑚就会白化，最终因营养不良而死亡。
 
        
        (责编：谭晓祺(实习生)、杨牧)
      ",2019年04月08日15:23,http://world.people.com.cn/n1/2019/0408/c1002-31018155.html,,海洋变暖破坏大堡礁再生能力,人民网>>国际,http://world.people.com.cn/n1/2019/0408/c1002-31018155.html,
(责编：谭晓祺(实习生)、樊海旭),科技日报,"
        
        
	美国国家航空航天局（NASA）日前在推特上宣布，首批“太空蜜蜂（Astrobee）”机器人将在本月奔赴国际空间站，辅助宇航员开展科研、维护等工作。

	“太空蜜蜂”由位于硅谷的NASA艾姆斯研究中心研制，外形是一个边长约32厘米的立方体，重约10千克。别看个头不大，科技含量却挺高。它装备多款相机组成视觉导航系统，能够在国际空间站内自主飞行并规避碰撞，并通过小型风扇“鼓风”提供飞行动力。“太空蜜蜂”的能源依赖电池供电，其能在电量将尽时自动飞往补给站充电。这种补给站由NASA专门设计，装有对接部件将机器人牢牢抓住。

	“太空蜜蜂”可谓本领高强，既能充当“自拍神器”记录宇航员的工作生活，又能化身“检查能手”监测空间站中噪音和空气质量，还能作为“贴心管家”助人搜寻遗忘了的工具。此外，“太空蜜蜂”配备了一个机械臂，既可协助宇航员拾取物品，也能抓紧墙上的把手将自身位置固定，以借机“歇歇脚”，减少能源消耗，提高拍摄清晰度。

	NASA一共制造了3个“太空蜜蜂”，本月计划将其中两个送入空间站。恰如其名，这种机器人能够像“蜜蜂”一样形成编队、分工合作、协同完成任务。

	“太空蜜蜂”并非人类首次在国际空间站上部署小型机器人。早在2006年，NASA开始在国际空间站中试验代号“球体（SPHERES）”的机器人；2017年，日本宇宙航空研究开发机构（JAXA）将“内球（Int-Ball）”机器人送入国际空间站日本实验模块；2018年，欧洲航天局也开始在空间站“哥伦布模块”验证“西蒙（CIMON）”智能机器人。相比这些“同行”，“太空蜜蜂”具备从充电到工作全自主运行能力，能够长时间独立工作。（实习记者 胡定坤）

        
        (责编：谭晓祺(实习生)、樊海旭)
      ",2019年04月09日07:53,http://world.people.com.cn/n1/2019/0409/c1002-31018824.html,,“太空蜜蜂”机器人将赴空间站“上班”,人民网>>国际,http://world.people.com.cn/n1/2019/0409/c1002-31018824.html,
(责编：谭晓祺(实习生)、徐祥丽),新华社,"
        
        
	新华社泰国帕侬隆4月8日电 通讯：泰国借“登帕侬隆山节”吸引游客

	新华社记者杨舟 汪瑾

	4月6日和7日，一年一度的“登帕侬隆山节”在泰国东北部毗邻柬埔寨的武里南府帕侬隆山举办。当地人以古装巡游展示独特的传统文化，希望能吸引更多外国游客、促进当地旅游业发展。

	巡游时，武里南府官员身着古装带头前行，随后是抬着传说中神兽雕像的男性方阵。他们从神道入口进入，沿着陡峭的台阶登上山顶的古庙。头戴金冠、手持鲜花的盛装女性在神道上跳舞。

	“我感到非常自豪，作为武里南的子弟，我希望让更多人了解武里南的特色、知道帕侬隆。”参与巡游表演的女大学生甘扎那说。

	帕侬隆山是一座死火山，山顶建有吴哥建筑风格的神庙，名为帕侬隆寺。有资料显示，帕侬隆寺始建于公元10世纪，后长期湮没在密林中。泰国政府经过多次勘查修复，在1988年建成帕侬隆历史公园对外开放。

	每年3月底或4月初的几天，当太阳升起时，站在帕侬隆寺前能透过古庙中间的15道门看到初升的太阳，这是泰国知名的日出奇观之一。

	帕侬隆山脚下不远处，还有一座始建于公元10世纪的古寺——低城寺。该寺虽然规模较小，但结构精巧，且保存有精美的古代雕塑，旁边还有庞大的古代人工湖。

	以传统农业为主的武里南府早年是泰国最贫困的府之一，大批青年人外出打工。近年来，经泰国政府和旅游局大力推介，武里南异军突起，成为在接待游客数量、旅游创收方面增长较快的府之一。

	前来参加今年“登帕侬隆山节”的泰国旅游局副局长诺帕敦对记者说，泰国旅游局多年来一直支持武里南府举办的这项活动，一方面希望能增强当地民众的文化自信，另一方面希望吸引更多外国游客特别是中国年轻游客关注帕侬隆。

	诺帕敦说，中国游客不再满足于购物和走马观花式地看景点，而更多寻求独特的文化体验，帕侬隆寺是一个非常有特点的景点，这里有着与中国和泰国其他地方不一样的文化，相信未来会成为吸引游客的新景点。

        
        (责编：谭晓祺(实习生)、徐祥丽)
      ",2019年04月08日20:46,http://world.people.com.cn/n1/2019/0408/c1002-31018547.html,,泰国借“登帕侬隆山节”吸引游客,人民网>>国际,http://world.people.com.cn/n1/2019/0408/c1002-31018547.html,
(责编：谭晓祺(实习生)、徐祥丽),新华社,"
        
        
	新华社赫尔辛基4月8日电（记者李骥志）由中国西藏航空公司执飞的济南至赫尔辛基直飞航线8日开通。一架满载乘客的空客A330飞机8日下午从济南起飞，经过9小时飞行于当晚抵达芬兰赫尔辛基-万塔机场。

	据西藏航空公司介绍，新开通的航线4月份每周一班，后期将根据市场情况逐渐加密，执飞机型为空客A330宽体客机。

	此前，两地间一直没有直飞航线，商旅人士必须到北京或上海等地转机。新航线开通后，将大大缩短济南与赫尔辛基之间的旅行时间。

	西藏航空公司总经理白伟三说，山东是人口大省和经济大省，为新航线的客流和物流提供了保障。济南与万塔又是友好城市，两地增进联系的愿望强烈。

	西藏航空公司目前拥有32架飞机，包括5架A330宽体客机。

        
        (责编：谭晓祺(实习生)、徐祥丽)
      ",2019年04月09日18:48,http://world.people.com.cn/n1/2019/0409/c1002-31020906.html,,济南至赫尔辛基直飞航线开通,人民网>>国际,http://world.people.com.cn/n1/2019/0409/c1002-31020906.html,
(责编：谭晓祺(实习生)、杨牧),新华网,"
        
        
	第16届新加坡文化遗产节7日落幕，一系列精彩纷呈的活动丰富了本地居民的周末生活，也加深了市民对于新加坡历史文化的认识与了解。

	今年的文化遗产节分别在4个周末着重介绍了甘榜格南、亚美尼亚街公园、勿洛、直落布兰雅和克兰芝这几个地区的历史和文化。

	今年的文化遗产节还在全岛范围举办了以“乘搭和发掘”为主题的活动。近100个公交车站设有展示牌介绍附近街区的历史，乘客也可在指定时间登上一辆特别设计的巴士，与装扮成上世纪70年代人物的演员一起穿街走巷，并通过他们的表演了解新加坡的历史。

	4年级学生常修文跟随父母参加了本周末的克兰芝农场游，观赏有机农场种植的各种农作物和水果，喂养山羊、观看实物展示的牛蛙从卵开始的孵化生长过程，度过了充实的一天。他的母亲黄女士告诉记者，在都市长大的孩子难得有机会体验一下田园生活，克兰芝农场游既让人心情愉悦又让孩子增长知识。

	新加坡文化遗产节由新加坡国家文物局主办，2004年首次举办，旨在通过形式多样的活动帮助人们深入了解新加坡文化遗产。本届文化遗产节3月15日拉开帷幕，活动包括导览、开放日、展览、派对、表演等。（王丽丽）
 
        
        (责编：谭晓祺(实习生)、杨牧)
      ",2019年04月08日15:14,http://world.people.com.cn/n1/2019/0408/c1002-31018126.html,,第16届新加坡文化遗产节落幕,人民网>>国际,http://world.people.com.cn/n1/2019/0408/c1002-31018126.html,
(责编：谭晓祺(实习生)、徐祥丽),新华社,"
        
        
	新华社首尔4月9日电（记者何媛）据韩国媒体9日报道，韩国计划从今年下半年开始分阶段推广高中义务教育，并于2021年实现全面普及。

	据报道，韩国总统府青瓦台、政府及执政的共同民主党三方当天召开会议，就推动普及高中义务教育达成以上共识。

	按照相关测算，如果把全部高中生纳入义务教育，每年约需经费2万亿韩元（约合118亿元人民币）。总统府、政府和共同民主党在会上议定，这一教育经费由中央政府和地方政府教育部门共同承担。

	分析人士指出，实现高中义务教育有望降低韩国普通家庭教育支出。以养育一名高中生的家庭为例，高中义务教育有望每年为其节省可支配收入超过150万韩元（约合8830元人民币）。

	共同民主党方面表示，将努力在今年上半年内推动国会通过相关教育法案，确保政府义务教育改革顺利推行。

        
        (责编：谭晓祺(实习生)、徐祥丽)
      ",2019年04月09日19:03,http://world.people.com.cn/n1/2019/0409/c1002-31020915.html,,韩国计划2021年全面普及高中义务教育,人民网>>国际,http://world.people.com.cn/n1/2019/0409/c1002-31020915.html,
(责编：谭晓祺(实习生)、徐祥丽),新华网,"
        
        
	新华网北京4月9日电（王一诺）作为全球最大的军事集团，北大西洋公约组织（简称“北约”）因二战后的冷战而生，却未因冷战结束而亡。北约至今已70岁了，在走过的70年发展历程中，它最“念念不忘”谁？上周为期2天的北约外长会恰逢北约成立70周年，为何选择低调“庆生”？在此次“庆生会”上，它向谁追要“份子钱”？又为何要高调敲打土耳其和德国？

	北约70年，最“念念不忘”谁？

	4月3日至4日，在美国首都华盛顿举行的北约外长会上，对俄关系是此次会议的首要议题。如何限制俄罗斯，成为以美国为首的北约各国讨论的重点。各国外长预计通过旨在强化北约在黑海地区“威慑和防卫姿态”的一揽子措施。美国国务卿蓬佩奥在会上说，北约的盟友们要适应所谓的俄罗斯威胁。

	尽管北约秘书长斯托尔滕贝格3日在美国国会演讲时表示，北约并不寻求孤立俄罗斯。但以俄罗斯为“标靶”呼吁北约保持团结，以及近期北约在东欧和黑海地区频刷存在感，竭力以军事力量限制俄罗斯的举动，使得北约在对俄问题上具有浓重的对抗意味。由此不难看出，时至今日，尽管苏联解体、冷战结束，俄罗斯仍是北约至今“念念不忘”的首要话题。

	针对北约表示正在采取新的行动来遏制俄罗斯的所谓“威胁”，俄外交部强力要求北约“心平气和”，“不要有强迫症”。近些年来，俄罗斯一再指责美国领导的北约违反其承诺，在欧洲肆无忌惮一路东扩，并对俄罗斯西部边境地区排兵布阵。对此，俄罗斯希望北约尽力克制，避免局势升级和军事风险带来的不测后果。

	中国社会科学院美国研究所研究员袁征说，自冷战结束以来，北约东扩的步伐从未停止。尤其乌克兰危机爆发后，将俄罗斯视为外部威胁，已成为北约加强内部团结的新动力。同时，今年受乌克兰局势及美俄关系趋紧的影响，北约在黑海及波罗的海相关国家和地区的军事活动渐趋频繁。这无疑极大增加了俄罗斯的战略忧虑。

	中国现代国际关系研究院副院长冯仲平也指出，最近2年来，北约与俄罗斯的明争暗斗越来越厉害。

	北约“生日会” 向谁追要“份子钱”？

	经过多轮扩充，北约目前已由最初的12个成员国扩展至有29个成员国和若干伙伴国。据美联社报道，北约成员国防务支出自上世纪九十年代冷战结束后虽有所下降，但从2014年以来则开始逐年上升。受克里米亚地区自行宣布脱离乌克兰、并入俄罗斯的影响，北约要求其各成员国设定一项目标，即10年内各自防务支出增加至相当于国内生产总值2%的水平。

	对此，多数北约盟友因各自利益考量，或回避、或应付、或斤斤计较。近日北约发布的数据显示，目前只有美国等7个北约成员国“达标”。美国就国防开支问题一直向北约盟友施压，要求它们履行承诺。

	此次北约外长会议重提“份子钱”，围绕北约军费分担问题展开讨论，要求盟友分担北约经费，继续履行承诺。美国《外交政策》杂志刊文指出，美国在防务开支问题上毫不留情地压榨北约盟友，即便此举或将会对北约的凝聚力造成威胁。这不由得令人对美国曾经作出的保卫欧洲的承诺产生了质疑。有分析称，军费分担问题只是北约内部矛盾的冰山一角。当前，美欧裂痕加大正持续投射到北约自身。

	为何低调“庆生” 高调敲打土、德？

	北约70岁了。按常理本应隆重庆贺一番，但仅开了个外长会。北约此番降格过“70大寿”，引发媒体广泛关注。美国《时代》杂志网站分析认为，与其成立50周年、60周年时的首脑会议相比，今年降格为外长会议，“这是北约地位下降的标志”。还有舆论认为，北约此次低调“庆生”，主要是因为害怕内部矛盾公开爆发。

	虽然北约在“生日会”上极力展现“对抗”俄罗斯的联合阵线，强调内部团结，但仍难掩北约内部在一系列问题上的分歧。北约成员国土耳其和德国因为与俄罗斯有合作，曾遭到美国高级官员点名“敲打”，并引发了口水战。

	美国多次警告土耳其不要从俄罗斯购买S-400防空导弹系统。理由是这一俄制防空系统与北约防空系统不兼容，且会对北约构成威胁。美国副总统彭斯明确表示，美国不会袖手旁观北约成员国向对手购买武器的行为。土外长恰武什奥卢则回应称，从俄罗斯购买防空导弹系统的交易已成定局，土方不会妥协，并批评美国不应强迫土耳其在西方和俄罗斯之间选边站。

	除了美土矛盾，军费分摊问题在美德两国间也引发争吵。美国曾点名批评德国在军费分担上贡献不够，未切实履行防务开支要占其国内生产总值（GDP）2%的承诺。彭斯3日就此问题指责德国称，“欧洲最大经济体继续无视俄罗斯入侵的风险，忽视自身防务与我们的共同防务不可接受。”为此，他强求德国“做得更多”。德外交部则有力地回应说：“德国对北约的贡献不能仅看国防预算。”

	在北约庆贺“70大寿”之际，美国狠批土耳其和德国离心离德，其实反映出北约内部在“美国领导力”“欧洲配合度”“对俄怎么办”等根本性问题上存在尖锐矛盾和深刻分歧。对此，美国《外交政策》杂志坦言，这不利于联盟的凝聚力，“在迎接70岁生日的时候，北约最需要的是团结。”

	“今年已70岁的北约，它将向何处去？”这是一个好问题，它将由时间来作答。

        
        (责编：谭晓祺(实习生)、徐祥丽)
      ",2019年04月09日19:18,http://world.people.com.cn/n1/2019/0409/c1002-31020921.html,,【寰球观察】北约70岁了，最“念念不忘”谁？,人民网>>国际,http://world.people.com.cn/n1/2019/0409/c1002-31020921.html,
(责编：袁勃、樊海旭),人民网－人民日报,"
        
        
	　　人类史上首张黑洞照片将面世

	　　全球多国科研人员合作的“事件视界望远镜”项目将于10日发布一项“开创性成果”，舆论普遍认为这将是人类有史以来获得的第一张黑洞照片。

	　　“事件视界望远镜”项目由全球多个国家和地区的科研人员组成，他们利用分布在世界各地的射电望远镜，组成一台巨大的虚拟望远镜，其口径相当于地球直径。该项目此前宣布，用这一虚拟望远镜“拍照”的重点对象是两个黑洞，一个是位于银河系中心的“人马座A＊”，另一个位于代号为M87的超巨椭圆星系中心。

	　　黑洞照片“冲洗”用了约两年时间。今年3月，“事件视界望远镜”项目主任、美国哈佛—史密森天体物理学中心资深天文学家谢泼德·杜勒曼告诉记者：“对这个项目的成功我们非常乐观，实际上我们已经完成了几乎所有工作。”

	　　（据新华社华盛顿电） 

	　

	　　俄飞船创下太空“快递”新纪录

	　　俄罗斯“进步MS—11”货运飞船近日创下太空“快递”送达速度新纪录，从发射到与国际空间站对接仅用时不到3个半小时。

	　　据俄罗斯塔斯社报道，“进步MS—11”货运飞船搭乘“联盟—2.1a”运载火箭，从位于哈萨克斯坦境内的拜科努尔发射场发射升空，飞船在发射约9分钟后与火箭分离。

	　　通常情况下，俄罗斯货运飞船抵达国际空间站需要两天时间，较快的方法也需约6个小时；而本次“进步MS—11”再次成功采用绕地球2圈的“超快”模式，发射约3小时21分钟后就与国际空间站对接，打破了去年7月“进步MS—09”货运飞船创下的最快纪录。当时，“进步MS—09”也是采用“超快”模式，从发射到对接仅用时大约3小时39分钟。

	　　（据新华社莫斯科电 记者张骁） 

	　

	　　美研究人员给小鼠植入3D打印头骨

	　　美国研究人员近日3D打印了一种透明头骨，植入小鼠颅内，可实时观察小鼠全脑表面的神经活动。这将有助于人们了解脑震荡、阿尔茨海默病和帕金森病等人类脑疾的发病机理。

	　　这项研究近期在英国《自然·通讯》杂志上发表，展示了名为“See—Shell”的可植入器械。研究人员首先对小鼠头骨进行扫描，3D打印出与原始头骨轮廓相同的透明人造头骨，并通过手术置换掉小鼠头骨。它可以帮助研究人员掌握小鼠大脑全局动态。

	　　在一项实验中，研究人员观察小鼠某个脑区的轻微脑震荡会如何影响其他脑区。视频显示，鼠脑脑电波信号的亮度随神经活动涨落而闪烁变化，但研究人员还未搞清脑区的全局协调性变化与行为之间的关联。

	　　鼠脑和人脑有诸多相似之处。研究人员说，利用可植入的透明3D打印头骨对小鼠大脑进行研究，可以帮助人们更好地理解阿尔茨海默病等人脑退行性疾病的机理。

	　　（据新华社华盛顿电 记者周舟） 


	　　《 人民日报 》（ 2019年04月10日 17 版）

        
        (责编：袁勃、樊海旭)
      ",2019年04月10日05:16,http://world.people.com.cn/n1/2019/0410/c1002-31021034.html,,微阅读,人民网>>国际,http://world.people.com.cn/n1/2019/0410/c1002-31021034.html,
(责编：燕勐、杨牧),人民网,"
        
        
	showPlayer({id:""/pvservice/xml//2019/3/20/eb1c1b20-1216-42c5-9ab1-af42ed019109.xml"",height:""498"",width:""580""});

        
        (责编：燕勐、杨牧)
      ",2019年03月22日09:11,http://world.people.com.cn/n1/2019/0322/c1002-30990054.html,,“欢迎习主席”——采访摩纳哥公国元首阿尔贝二世亲王,人民网>>国际,http://world.people.com.cn/n1/2019/0322/c1002-30990054.html,
(责编：燕勐、刘洁妍),人民网,"
        
        
	showPlayer({id:""/pvservice/xml/2019/3/21/ebf05962-6184-4bb8-8b84-9af52d3db3b6.xml"",height:""525"",width:""640""});

        
        (责编：燕勐、刘洁妍)
      ",2019年03月21日10:02,http://world.people.com.cn/n1/2019/0321/c1002-30988040.html,,《习近平谈治国理政》中意读者会在罗马举行,人民网>>国际,http://world.people.com.cn/n1/2019/0321/c1002-30988040.html,
(责编：燕勐、杨牧),人民网,"
        
        
	showPlayer({id:""/pvservice/xml/2019/3/19/6e6e092f-8546-47e7-997d-64404c0de7ab.xml"",height:""498"",width:""580""});

        
        (责编：燕勐、杨牧)
      ",2019年03月22日09:09,http://world.people.com.cn/n1/2019/0322/c1002-30990042.html,,“一带一路”合作为意大利港口带来机遇,人民网>>国际,http://world.people.com.cn/n1/2019/0322/c1002-30990042.html,
(责编：燕勐、杨牧),人民网,"
        
        
	showPlayer({id:""/pvservice/xml/2019/3/13/b2511f3c-0ada-4c04-abcb-a83458f42f88.xml"",height:""498"",width:""580""});

        
        (责编：燕勐、杨牧)
      ",2019年03月22日09:14,http://world.people.com.cn/n1/2019/0322/c1002-30990071.html,,专访摩纳哥驻华大使冯德琳,人民网>>国际,http://world.people.com.cn/n1/2019/0322/c1002-30990071.html,
(责编：燕勐、杨牧),人民网,"
        
        
	showPlayer({id:""/pvservice/xml/2019/3/22/766801f8-6099-4014-8ef2-e88f8ad9fdbe.xml"",height:""525"",width:""640""});

        
        (责编：燕勐、杨牧)
      ",2019年03月22日13:02,http://world.people.com.cn/n1/2019/0322/c1002-30990474.html,,意大利人齐远航：习主席希望我们成为新世纪的马可波罗,人民网>>国际,http://world.people.com.cn/n1/2019/0322/c1002-30990474.html,
(责编：燕勐、杨牧),人民网,"
        
        
	showPlayer({id:""/pvservice/xml/2019/3/21/5ad8dbc3-ea4b-445d-b1c7-e6a25d4bd04b.xml"",height:""525"",width:""640""});

        
        (责编：燕勐、杨牧)
      ",2019年03月21日09:59,http://world.people.com.cn/n1/2019/0321/c1002-30988024.html,,“设计中国”展览在罗马国立当代艺术博物馆开幕,人民网>>国际,http://world.people.com.cn/n1/2019/0321/c1002-30988024.html,
(责编：袁昕(实习生)、樊海旭),人民网-人民视频,"
        
        showPlayer({id:""/pvservice/xml/2019/3/23/8792a933-9749-411e-9084-3751b903d1b3.xml"",width:640,height:525});
        
        (责编：袁昕(实习生)、樊海旭)
      ",2019年03月23日15:22,http://world.people.com.cn/n1/2019/0323/c1002-30991587.html,,“千亿像素看中国——城市与人”互动主题展在罗马开幕,人民网>>国际,http://world.people.com.cn/n1/2019/0323/c1002-30991587.html,
(责编：燕勐、杨牧),人民网,"
        
        
	showPlayer({id:""/pvservice/xml/2019/3/10/34b4a013-cb0e-4f13-916e-62567796d624.xml"",height:""498"",width:""580""});

	视频介绍

	三度入藏、穿越新疆，用笔和相机讲述真实的中国，创立了便于自己发表著作的出版社——近十年来，法国学者索尼娅·布雷斯莱致力于“让法国人看到不一样的中国”，与中国结下了传奇而动人的缘分。

        
        (责编：燕勐、杨牧)
      ",2019年03月22日09:20,http://world.people.com.cn/n1/2019/0322/c1002-30990109.html,,“让法国人看到不一样的中国”,人民网>>国际,http://world.people.com.cn/n1/2019/0322/c1002-30990109.html,
(责编：袁昕(实习生)、樊海旭),人民网-人民视频,"
        
        showPlayer({id:""/pvservice/xml/2019/3/24/6358dec9-9ac7-4c36-afc6-ce5ad0425fc7.xml"",width:580,height:498});
        
        (责编：袁昕(实习生)、樊海旭)
      ",2019年03月25日08:16,http://world.people.com.cn/n1/2019/0325/c1002-30992880.html,,使中法友谊一代一代薪火相传,人民网>>国际,http://world.people.com.cn/n1/2019/0325/c1002-30992880.html,
(责编：贾文婷、常红),人民网-国际频道,"
        
        
	人民网讯 据共同社消息，日本防卫相岩屋毅10日称，在青森县海域发现了训练时失联的航空自卫队三泽基地隐形战机F-35A尾翼的一部分，称“认为是坠落残骸”。该战机的驾驶员依然下落不明，岩屋称“将竭尽全力救人”。

	当地时间9日晚7点25分左右，位于青森县的日本航空自卫队三泽基地一架隐形战机F-35A在该基地以东约135公里附近的太平洋上飞行时，从雷达上消失。

        
        (责编：贾文婷、常红)
      ",2019年04月10日09:31,http://world.people.com.cn/n1/2019/0410/c1002-31022333.html,,日本防卫相证实航空自卫队失联F-35A战机已坠毁,人民网>>国际,http://world.people.com.cn/n1/2019/0410/c1002-31022333.html,
(责编：田婉晴(实习生)、樊海旭),新华网,"
        
        
	世界银行第13任行长戴维·马尔帕斯9日正式上任。他表示，消除贫困和推动共享繁荣是世行的清晰使命和关注重点。

	马尔帕斯当天上午在世行位于华盛顿的总部门前对媒体记者说，他感谢世行执行董事会选择他担任行长，在行长遴选过程中许多来自世行股东和利益攸关方的支持令其深受鼓舞。

	马尔帕斯指出，当前全球面临贫困、气候变化、实现让女性全面参与经济活动等诸多挑战，需要更强劲的经济增长和更强大的私营部门，而应对这些挑战也是世行的工作重点。

	时任世行行长金墉1月7日突然宣布提前卸任。随后，世行发布新行长遴选流程。2月6日，美国总统特朗普提名美财政部负责国际事务的副部长马尔帕斯为下任世行行长人选。3月14日，世行宣布马尔帕斯为下任行长唯一提名人选。4月5日，世行执行董事会一致批准马尔帕斯担任下任世行行长，任期5年。 （记者高攀 熊茂伶）

        
        (责编：田婉晴(实习生)、樊海旭)
      ",2019年04月10日13:35,http://world.people.com.cn/n1/2019/0410/c1002-31022692.html,,世行新行长马尔帕斯正式上任,人民网>>国际,http://world.people.com.cn/n1/2019/0410/c1002-31022692.html,
(责编：袁昕(实习生)、樊海旭),人民网-人民视频,"
        
        showPlayer({id:""/pvservice/xml/2019/3/23/32c68525-a761-4b4c-ba6d-5926edeb4340.xml"",width:640,height:525});
        
        (责编：袁昕(实习生)、樊海旭)
      ",2019年03月23日15:20,http://world.people.com.cn/n1/2019/0323/c1002-30991586.html,,波切利：我愿将我的梦想化作中意文化交流的桥梁,人民网>>国际,http://world.people.com.cn/n1/2019/0323/c1002-30991586.html,
(责编：田婉晴(实习生)、樊海旭),新华网,"
        
        
	英国戏剧及音乐剧最高奖劳伦斯·奥利弗奖近日揭晓，星光璀璨的颁奖典礼让世人的目光再次聚焦代表英国戏剧业的伦敦西区。

	西区位于伦敦市区繁华地段，方圆不足3平方公里的区域云集约50座剧院，其集中度、业界认可度和影响力只有美国纽约的百老汇能够与之比肩，早已成为英国戏剧界的代名词。

	近年来，伦敦西区在传统戏剧与现代创新表演形式的竞争中迎来“辉煌期”，剧院上座率和票房收入连续两年创下历史新高。根据伦敦戏剧协会今年3月公布的最新统计，2018年全英剧院总计有6万多场演出，吸引观众3400万人次，票房收入高达12.8亿英镑（约合112.7亿元人民币），其中伦敦西区贡献了“半壁江山”——观众超过1550万人次、票房收入7.6亿英镑（约合67亿元人民币）。

	但西区的熠熠星光恐怕将因英国“脱欧”蒙上阴影。

	奥利弗奖执行制片人、伦敦戏剧协会首席执行官朱利安·伯德在接受新华社记者采访时说，“脱欧”的未知因素和巨大不确定性正在损害英国的戏剧和表演艺术产业。

	他认为，“脱欧”前景不明可能导致节目制作和演出成本上涨，在西区剧院的4万多个工作岗位中，有大量来自其他欧洲国家的演员和工作人员。

	“和英国其他很多行业一样，面对‘脱欧’带来的未知影响，我们小心翼翼，惶恐不安。西区的制片人和剧院经理们不知道今年秋季的演出市场会怎样。欧洲演员来英国工作是否需要签证？这还只是影响我们工作的第一件事。”他说。

	此外，来自欧洲大陆的表演艺术投资和资金可能缩水，影响一些跨国合作剧目。“一些合作剧目可能因此被取消。”伯德担忧地说。

	西区观众中约有三分之一来自海外，剧院也担心“脱欧”对旅游业的冲击会影响到西区剧院的上座率。

	作为英国戏剧界的代表，伯德近期一直在与政府对话沟通。但他坦言，近期议会对‘脱欧’协议的一系列投票凸显出政治的复杂性。“我们与政府的谈判也很麻烦，目前任何行业都还没有‘脱欧’以后的具体安排。”

	以运输问题为例。按照英国“脱欧”协议，未来英国海关将区别对待出入境的商品和服务。“演员的演出绝对是一种服务，但服装和道具一般被视为商品。如果我要把一整部演出作品带出英国，那这到底该算是一项服务，还是一件商品？”伯德问。

	类似这样的谈判已经持续了几个月，但目前仍没有答案。伯德遗憾地说：“我不支持英国‘脱欧’，我希望‘留欧’。如果英国一定要离开欧盟，可以预见对英国戏剧行业的冲击要过相当长一段时间才可能消退。”（新华社记者 张代蕾）

        
        (责编：田婉晴(实习生)、樊海旭)
      ",2019年04月10日13:37,http://world.people.com.cn/n1/2019/0410/c1002-31022698.html,,记者手记：“脱欧”会否令伦敦西区星光黯淡？,人民网>>国际,http://world.people.com.cn/n1/2019/0410/c1002-31022698.html,
(责编：田婉晴(实习生)、樊海旭),新华网,"
        
        
	在科威特南部的沙漠中，新炼油塔和附属管道设施正在井然有序地搭建。中国石化第五建设有限公司科威特新炼厂项目经理王志伟每天都会来施工现场走一圈，这里凝结了他3年的时光和心血。

	每天至少6个小时、1.6万多步，王志伟要详细询问现场每个施工细节、及时解决每个问题。对此，他三年来未敢一刻懈怠，这一项目不仅事关科威特石油生产的未来，更是打造“中国品牌”的良机。

	王志伟说：“我们要用创新的理念、过硬的质量和如期完工的速度，在科威特，乃至整个中东地区留下‘中国品牌’的样板。”

	科威特是最早响应中国“一带一路”倡议并同中国签署相关合作文件的国家之一。2016年，中国石化五建公司承接了科威特新炼厂项目，合同额达5.19亿美元。投入运营后，将令科威特每年增加3150万吨石油产量。

	作为项目经理，王志伟参与了包括规划设计、采购、市场评估，以及设备安装等在内的全套流程。然而从工程初期开始，他就意识到打造“中国品牌”并非轻而易举。

	面对困难，王志伟大胆进行技术创新，最终不仅提高了施工精度、降低了成本、加快了施工速度，同时也为五建公司其他海外项目积累了经验。

	按照合同规定，项目将于2019年年底交付科方。由于科威特的高温环境，夏季有3个月白天禁止施工，此前许多工程建设项目都被迫延期。不过，王志伟有信心他们的项目会如期完工。他说：“我们为工程设计了精确到天的进度日程表，截至今年3月底，工程进度已经接近80%。”

	要打造“中国品牌”，不仅要保证中国速度，更要保证中国质量。王志伟以最基本的管道焊接为例介绍说，每一道手续都有专人检查并签字以备追查责任。任何一道手续通不过，都无法进入下一道流程。

	“这不仅是科威特的百年大计，也是‘中国品牌’的百年大计。我们要争取把中国炼化技术做成又一张‘中国名片’，走向世界！”王志伟说。(新华社记者王薇 聂云鹏)

        
        (责编：田婉晴(实习生)、樊海旭)
      ",2019年04月10日13:39,http://world.people.com.cn/n1/2019/0410/c1002-31022707.html,,通讯：在科威特擦亮“中国品牌”——中石化炼厂建设记,人民网>>国际,http://world.people.com.cn/n1/2019/0410/c1002-31022707.html,
(责编：田婉晴(实习生)、樊海旭),新华网,"
        
        
	很难想象，一家银行的分行最初开设在一个没有空调的集装箱里。“集装箱里开银行，特别是在温度高达四十六七度的瓜达尔，这对一个银行业人士来说简直是天方夜谭。”34岁的巴基斯坦人沙基卜·优素福回忆说。

	一年前，优素福告别原先舒适的工作环境，被巴基斯坦哈比银行派往位于巴基斯坦西南部俾路支省南端的瓜达尔自由区开设分行。

	“当时根本没有人想去那儿，因为大家都知道那里什么设施都没有，非常艰苦。我决定到瓜达尔，主要是因为那儿离我家人所在的土尔巴特很近。”优素福告诉新华社记者。

	优素福刚履新时，瓜达尔自由区还在建设中，发展蓝图里的商务中心还未动工。然而，仅过了半年，一座现代化的瓜达尔自由区商务中心就拔地而起，自由区起步区的招商引资工作也顺利完成。2018年1月，自由区正式开园，作为一期项目的起步区当时已吸引酒店、银行、保险公司、金融租赁、物流、海外仓、粮油加工、渔业加工、家电组装等20多家中巴企业入驻，直接投资额超过30亿元人民币。

	此时的优素福不仅把瓜达尔分行搬进了气派的商务中心，还迎来了事业起飞点。“过去一年多里，有7家国际企业和500多人在瓜达尔分行开户。”优素福说。由于业绩突出，他被哈比银行总部任命为瓜达尔分行的负责人，不仅工资和分红涨了，还有了自己的专车。

	在3月底举行的第二届瓜达尔国际商品展销会上，优素福忙着向巴基斯坦国内外投资商介绍哈比银行在瓜达尔自由区提供的优惠金融服务。他很庆幸自己当初决定来瓜达尔自由区创建分行，虽然过程艰辛，但瓜达尔成了他事业上升的起点。

	这一年间，瓜达尔市内漂亮的双层小楼雨后春笋般地盖了起来，原来空空荡荡的市区已被这些新住宅塞满，各类小商店也开张了不少。瓜达尔自由区内，多家企业的厂房建了起来，起步区内空地越来越少，自由区二期也已破土动工。自由区旁边的瓜达尔港更是迎来了定期班轮，瓜达尔真正与世界相连。

	瓜达尔港运营方、中国海外港口控股有限公司董事长张保中告诉新华社记者，2018年1月举行的第一届瓜达尔国际商品展销会共吸引了3万多人次参观，有6家企业达成意向合同并得到执行，合同总金额超过7000万美元。今年在第二届展会开幕前已有部分企业达成合作意向。

	“现在沙特、阿联酋、伊朗以及几个中亚国家都对来瓜达尔投资展现出了浓厚的兴趣。”张保中说。

	前来参加展销会的中国河南育林控股有限公司董事长胡华敏说：“我们是最早来到瓜达尔的中国公司之一，现在自由区和港区里郁郁葱葱的蓖麻和树林都是我们种的。我们计划在瓜达尔建设一个种培实验室。”

	“我们可以把种植向日葵技术推广给当地百姓，然后回收葵花籽做加工，一来可以帮他们脱贫，二来我们也能有效益。”胡华敏说。

	沙基勒·哈什米是家美国净水公司的代表。他告诉记者，他的公司决定在瓜达尔常设一个办事处，为正在施工和未来计划中的项目提供海水淡化设备。

	哈什米说，他的公司已在今年展会期间签订了一个合作协议，而且还有多家企业正和他洽谈合作事宜。“当我们看到这么多企业都跑到瓜达尔来投资建厂，我们的信念就越加坚定，那就是在瓜达尔我们可以做一番大事业。”

	面对商机，优素福对未来充满信心。他说，哈比银行目前正筹划在瓜达尔自由区二期开设一个分行。他想争取成为自由区两家分行的总负责人，之后再努力成为哈比银行在整个瓜达尔地区的负责人。(新华社记者刘天 巴蒂)

        
        (责编：田婉晴(实习生)、樊海旭)
      ",2019年04月10日13:38,http://world.people.com.cn/n1/2019/0410/c1002-31022700.html,,通讯：从集装箱里开设银行说起——巴基斯坦瓜达尔正成为投资热土,人民网>>国际,http://world.people.com.cn/n1/2019/0410/c1002-31022700.html,
(责编：白宇),央视新闻客户端,"
        
        
	　　第二届“一带一路”国际合作高峰论坛将于4月下旬在北京举办，届时将有来自全球100多个国家的数千名各界代表与会，共同推动“一带一路”合作实现高质量发展。

	　　从2013年提出“一带一路”倡议，到两年前首届“一带一路”国际合作高峰论坛举办，“一带一路”从愿景到现实，正在朝着和平、繁荣、开放、绿色、创新、文明的方向不断走深走实，结出丰硕成果。“和平合作、开放包容、互学互鉴、互利共赢”的丝路精神有了新的内涵，构建人类命运共同体，达成广泛国际共识。

	

	　　中国与意大利3月下旬签署了“一带一路”倡议谅解备忘录，这是首个G7国家正式加入“一带一路”。此前，全球已有123个国家和29个国际组织与我国签署了171份“一带一路”合作文件。

	　　共建“一带一路”倡议及其核心理念已被纳入联合国、二十国集团、亚太经合组织、上合组织等重要国际机制成果文件，成为推动地区和平与发展的重要途径，实现联合国2030年可持续发展目标的重要平台。

	

	　　中科院地理科学与资源研究所所长 刘卫东：可以想见“一带一路”已经成为真正意义上的全球共识、全球平台和全球行动，这一点是一个巨大的变化，“一带一路”建设正在从写意画转向工笔画，我们要扎扎实实做好每一个项目。

	

	　　在国家发改委日前举行的“一带一路”国际合作典型项目研讨会上，来自中外研究机构和国际组织上百名代表，围绕互联互通、产业合作、园区建设、民生政策等方面的国际合作典型项目展开对接洽谈。

	

	　　国家发展改革委“一带一路”建设促进中心主任 翟东升：要抓好项目，在抓项目建设的同时一定要坚持遵守市场规律，遵循国际通行规则，围绕着项目的建设，还要更加注重提高国际化融资的水平。

	　　深入政策沟通 对接发展战略

	　　顺应时代潮流，共建“一带一路”，在世界多极化、经济全球化的大背景下，让各国看到了互利共赢的前景，“一带一路”的朋友圈越扩越大，随着各国政策沟通走向深入，发展战略也正在无缝对接。

	

	　　世界最大的内陆国——哈萨克斯坦，眼下正在建设的东方之门经济特区无水港十分忙碌，这里90％的集装箱来自中国，预计今年底，中哈两国的铁路数据信息将全面共享。

	

	　　哈国铁股份公司“Khorgos Gateway”总经理 佳斯朗哈木金：无水港是实现哈萨克斯坦光明之路战略和中国“一带一路”倡议对接的一个尝试，我们之前和连云港建设的在中国境内的中哈物流基地，已经成为了我们哈萨克斯坦的出海港。

	

	　　“一带一路”政策沟通。越来越多的国家和地区把自己的发展战略与中国的“一带一路”倡议相对接。包括俄罗斯“欧亚经济联盟”、蒙古国的“草原之路”、越南的“两廊一圈”、柬埔寨的“四角”战略、欧盟的“容克计划”、非洲国家的工业化战略等。

	　　英国《每日电讯报》网站3月发表文章称，“一带一路”倡议意义重大且规模宏大，各国都势必会从中获益，英国可以成为这项倡议中的一个赢家。

	

	　　白俄罗斯总统 卢卡申科：中国在“一带一路”合作中从未向任何国家提过任何条件，包括白俄罗斯。“一带一路”不是任何形式的贸易扩张，也不是中国将自身利益强加于他国的借口，在此过程中，中国是很友好地向“一带一路”沿线国家提供贷款、投资和最先进的技术，这在世界上是绝无仅有的。

	　　“一带一路”六年 数说建设成果

	　　“一带一路”倡议提出近六年来，政策沟通、设施联通、贸易畅通、资金融通、民心相通等五通建设取得明显进展，从倡议到现实，已经成为全球规模最大、最受关注的公共产品。

	

	　　“一带一路”设施联通。近两年，亚吉铁路开通运营、马尔代夫中马友谊大桥竣工，阿联酋阿布扎比码头、马来西亚关丹深水港码头正式开港，被称为巴基斯坦“三峡工程”的巴基斯坦最大水电站首台机组实现并网发电；中俄合作的亚马尔液化天然气项目三条生产线提前竣工，冰上丝路将穿越北极。

	

	　　“一带一路”贸易畅通。在全球贸易持续低迷的背景下，2013年至2017年，中国与共建“一带一路”国家贸易总额增幅为4.88%；2018年，我国企业在56个共建“一带一路”国家非金融类直接投资156.4亿美元，同比增长8.9%。我国与共建国家已经建设80多个境外经贸合作区，为中国企业海外投资找到新空间。

	

	　　“一带一路”资金融通。2018年，亚洲基础设施投资银行迎来三次扩容，新纳入9个成员国，成员国总数达到93个，遍布世界各大洲。

	

	　　“一带一路”民心相通，一大批项目陆续开工或建成，其中民生、文化领域的占比越来越大，为当地民众带来实实在在的收益。在柬埔寨西哈努克港，中国企业不光是开发建设了工业园，还配套建设了职业学院，毕业后进园区上班成为当地很多学生的梦想。

	

	　　柬埔寨西哈努克港特区公司董事长 陈坚刚：最终要把我们西港特区建设成为有300家企业入驻、8到10万产业工人就业的样板园区，成为“一带一路”上的民心工程。

	

	　　从基础设施到经贸往来，从金融互通到人文交流，共商、共建、共享的“一带一路”合作理念得到国际社会的广泛认可。“一带一路”倡议正沿着“和平、繁荣、开放、绿色、创新、文明”的方向，朝着高质量发展的未来迈进，为构建人类命运共同体注入新的动力，为全球治理体系现代化贡献中国智慧。

        
        (责编：白宇)
      ",2019年04月10日13:37,http://world.people.com.cn/n1/2019/0410/c1002-31022699.html,,【丝路新画卷】“一带一路” 共享丰硕成果,人民网>>国际,http://world.people.com.cn/n1/2019/0410/c1002-31022699.html,
(责编：谭晓祺(实习生)、樊海旭),新华网,"
        
        
	【编前语】2018年4月10日，习近平主席在博鳌亚洲论坛2018年年会开幕式发表主旨演讲，宣布一系列中国扩大对外开放的强力举措，发出“中国开放的大门不会关闭，只会越开越大”的时代强音。一年来，坚定不移坚持对外开放是习近平在国内国际多个场合都作出的明确宣示。新华社《学习进行时》为您回顾梳理相关精彩论述。

	当今世界，开放融通的潮流滚滚向前。人类社会发展的历史告诉我们，开放带来进步，封闭必然落后。

	——2018年4月10日，在博鳌亚洲论坛2018年年会开幕式上的主旨演讲

	我要明确告诉大家，中国开放的大门不会关闭，只会越开越大！

	——2018年4月10日，在博鳌亚洲论坛2018年年会开幕式上的主旨演讲

	实践证明，过去40年中国经济发展是在开放条件下取得的，未来中国经济实现高质量发展也必须在更加开放条件下进行。

	——2018年4月10日，在博鳌亚洲论坛2018年年会开幕式上的主旨演讲

	面对时代命题，中国坚定不移坚持对外开放。面对世界经济增长的不稳定性不确定性，中国坚持走开放融通、合作共赢之路，坚定维护开放型世界经济和多边贸易体制，反对保护主义、单边主义，把自己囚于自我封闭的孤岛没有前途！

	——2018年9月3日，在2018年中非合作论坛北京峰会开幕式上的主旨讲话

	回顾历史，开放合作是增强国际经贸活力的重要动力。立足当今，开放合作是推动世界经济稳定复苏的现实要求。放眼未来，开放合作是促进人类社会不断进步的时代要求。

	——2018年11月5日，在首届中国国际进口博览会开幕式上的主旨演讲

	大道至简，实干为要。面对世界经济格局的深刻变化，为了共同建设一个更加美好的世界，各国都应该拿出更大勇气，积极推动开放合作，实现共同发展。

	——2018年11月5日，在首届中国国际进口博览会开幕式上的主旨演讲

	“一花独放不是春，百花齐放春满园。”追求幸福生活是各国人民共同愿望。人类社会要持续进步，各国就应该坚持要开放不要封闭，要合作不要对抗，要共赢不要独占。

	——2018年11月5日，在首届中国国际进口博览会开幕式上的主旨演讲

	中国推动更高水平开放的脚步不会停滞！中国推动建设开放型世界经济的脚步不会停滞！中国推动构建人类命运共同体的脚步不会停滞！

	——2018年11月5日，在首届中国国际进口博览会开幕式上的主旨演讲

	中国将坚定不移奉行互利共赢的开放战略，实行高水平的贸易和投资自由化便利化政策，推动形成陆海内外联动、东西双向互济的开放格局。中国将始终是全球共同开放的重要推动者，中国将始终是世界经济增长的稳定动力源，中国将始终是各国拓展商机的活力大市场，中国将始终是全球治理改革的积极贡献者！

	——2018年11月5日，在首届中国国际进口博览会开幕式上的主旨演讲

	历史已经证明，只有坚持开放合作才能获得更多发展机遇和更大发展空间，自我封闭只会失去世界，最终也会失去自己。

	——2018年11月17日，在亚太经合组织工商领导人峰会上的主旨演讲

        
        (责编：谭晓祺(实习生)、樊海旭)
      ",2019年04月10日14:34,http://world.people.com.cn/n1/2019/0410/c1002-31022851.html,,时代强音！一年来习近平这样强调对外开放,人民网>>国际,http://world.people.com.cn/n1/2019/0410/c1002-31022851.html,
(责编：田婉晴(实习生)、樊海旭),新华网,"
        
        
	中国航空技术国际工程有限公司（以下简称“中航国际工程”）日前在斯里兰卡首都科伦坡举行“让爱托起未来”爱心捐赠活动，向当地的“劳瑞斯”女子孤儿院捐赠一些生活物资、教学用品。

	中航国际工程斯里兰卡分公司总经理助理兼地产营销部经理张波代表企业在捐赠仪式将电子琴、黑板、缝纫机、晾衣架等生活和学习用品赠送到该孤儿院院长和孩子们手上。

	孤儿院负责人库玛瑞女士代表院方向中国公司表示感谢。她表示，很高兴能够得到中国企业的捐助，也十分感激中航国际工程连续6年为她们献出爱心，让孩子们在这里更加幸福快乐地成长。

	随后，孤儿院的孩子们也纷纷围着来自中国的叔叔阿姨唱歌跳舞，用孩童们最纯真的方式表达她们的感谢。

	据悉，“劳瑞斯”女子孤儿院于1973年由斯里兰卡著名教育家劳瑞斯先生的夫人创办，至今孤儿院总共收养了2000余名孤儿，这些孩子主要来自离异家庭或弃婴。目前孤儿院共收留了23名孤儿，年龄从5岁至17岁不等。（记者朱瑞卿 唐璐）

        
        (责编：田婉晴(实习生)、樊海旭)
      ",2019年04月10日14:35,http://world.people.com.cn/n1/2019/0410/c1002-31022855.html,,在斯中资企业向当地孤儿院捐赠生活物资,人民网>>国际,http://world.people.com.cn/n1/2019/0410/c1002-31022855.html,
(责编：袁勃、樊海旭),人民网－人民日报,"
        
        
	　　中欧经贸关系研讨会4月8日在匈牙利首都布达佩斯举行。中匈两国智库学者和经贸领域专家重点就中欧加强“一带一路”合作进行深入研讨。与会人士普遍认为，“一带一路”是中国在新形势下提供的全球公共产品，对于缩小南北差距、促进共同发展和改善全球治理具有重要意义。

	　　此次研讨会由中国国际经济交流中心和匈牙利安托尔·约瑟夫知识中心共同主办。中国国际经济交流中心副理事长、商务部原副部长魏建国在致辞中表示，“一带一路”倡议提出以来，受到国际社会广泛关注，越来越多的国家加入到共建“一带一路”的队伍中来，中东欧国家是“一带一路”的重要参与者。他还引用了非洲谚语“独行快，众行远”，希望中欧双方加强战略对接，共同推进“一带一路”建设。

	　　安托尔·约瑟夫知识中心执行副主任安托尔—霍尔瓦特·维罗妮卡表示，匈牙利位于欧洲中部，具有独特的地缘优势，匈牙利也是欧盟成员国，在布达佩斯举办有关“一带一路”的研讨会具有特别的意义。“古丝绸之路把东西方连接起来，不仅带动了经济发展，而且促进了文明间的对话，‘一带一路’将在这些领域发挥更大作用。”

	　　匈牙利前驻华大使库绍伊·山多尔说，近6年来，“一带一路”倡议从理念转化为行动，从愿景转变为现实，已成为全球最有影响力的国际合作倡议之一。“‘一带一路’不仅具有国际影响，而且具有深远的历史意义，有助于完善全球治理和构建更为公平合理的世界秩序。”他说，中国—中东欧国家合作是跨区域的务实合作平台，“作为一项伟大的倡议，‘一带一路’有利于促进欧盟均衡发展”。

	　　参加研讨会的学者和专家来自中匈两国研究机构。与会人士普遍认为，发展是广大发展中国家的首要任务，“一带一路”的核心内容是共同发展，通过参与共建“一带一路”可使发展中国家实现跨越式发展，从而缩小与发达国家的经济差距。

	　　魏建国对记者说，此次中国高端智库代表团还访问了英国和法国，与当地知名智库进行了交流与互动，消除了一些误解和疑虑，就“一带一路”合作共赢理念达成诸多共识。山多尔表示，这种面对面的沟通对于全面认识“一带一路”有重要意义，“欧洲一些学者多受西方媒体的影响，对‘一带一路’的认识比较片面，通过这种交流能够拓展视野，更加全面和深入地认识中国和‘一带一路’”。

	　　（本报布达佩斯4月9日电） 


	　　《 人民日报 》（ 2019年04月10日 16 版）

        
        (责编：袁勃、樊海旭)
      ",2019年04月10日05:17,http://world.people.com.cn/n1/2019/0410/c1002-31021040.html,,“一带一路有利于促进欧盟均衡发展”,人民网>>国际,http://world.people.com.cn/n1/2019/0410/c1002-31021040.html,
(责编：谭晓祺(实习生)、樊海旭),人民网-国际频道,"
        
        
	人民网上海4月10日电（记者 沈文敏） 主题为从“共享的历史”走向“共享的未来”的2019中美民间外交高端论坛，昨天在上海市社联举行。来自中美两国经贸、教育、文化、体育等从事民间外交活动与研究的近百位专家学者与实务人士参加，围绕中美交往历史及地方交流，如何增进中美民间外交，怎样以协调合作稳定为基调共同维护中美关系健康稳定发展等话题展开研讨、发表见解、提出建议。

	与会专家学者认为，中美建交40年来，两国关系发展得益于两国地方和人民的广泛支持，中美关系健康稳定发展具有较为良好的地方交往与民间交流基础。中美两国之间从“共享的历史”中向前看，就能管控分歧、缓和摩擦，就会携手走向符合两国人民共同利益与国际社会普遍期待的“共享的未来”。

	全国政协常委、上海市政协副主席、上海公共外交协会会长周汉民在开幕式致辞中表示，上海国际金融中心建设离不开与美国跨国金融机构合作。上海作为中国改革开放的排头兵，要在与美国地方交流中创新思路、突出实效、引领典型。上海社会科学界联合会党组书记、副主席权衡表示，百年前数以万计的华工漂洋过海来到美国，参与建设横跨美国东西部的太平洋铁路，成为旅美侨胞奋斗、进取、奉献精神的一座丰碑。通过更好地理解中美共享的历史，中国人民和美国人民将能够进一步创造未来共同的旅程。

	参与本次论坛的多位美方嘉宾充分肯定华人对美国社会发展的积极作用。犹他州是太平洋铁路的合拢地，也是首届中美省州长论坛举办地，在中美地方交流历史中占有重要地位。此次论坛多位美方嘉宾来自该州，他们充分肯定太平洋铁路对于美国近代化、犹他州发展发挥的巨大作用，高度赞扬华工为铁路修建所做出的巨大牺牲，积极评价华人华侨在美国社会发挥的重要贡献，并表示将推动美国社会对此有进一步的认识。

	与会学者认为，中美共享的历史有丰富内容可以挖掘。中共中央对外联络部原副部长于洪君指出，抗战时期，通过美军观察组，中国共产党与美国政府共享过一段密切合作，美国记者埃德加 斯诺对中国共产党早期外交思想的传播发挥了重要作用。上海社会科学院历史所副所长叶斌、广东省委统战部调研员沈卫红等多位中美关系史专家也指出，从18世纪“中国皇后号”抵华开拓商路，到19世纪中国劳工赴美修筑铁路，再到20世纪美国友人不远万里来到中国支持中国人民革命和反帝斗争，中美两国人民之间的交往源远流长，在历史长河中多次同舟共济，对于对方国家的发展都做出了不可磨灭贡献。

	上海社会科学院国际问题研究所所长王健指出，中美两国加强地方交往有助于双方构建彼此的信任和理解，这也取决于我们能否从对中美关系产生重要影响的历史智慧中获取深刻启迪，不断激发中美民间外交的巨大潜能。香港大学教授、《中国人与美国人：一部共有的历史》作者徐国琦表示，从中美两国人民“共享的历史”角度，不仅可以解读出一种全新的中美关系史，并找到一种具有重要的学术价值的新范式及视野，更重要的是，这一新的认识可能为我们目前和将来创造中美两国和谐外交关系提供有效的历史借鉴。

	作为本次论坛主办方之一的上海市美国问题研究所常务所长胡华指出，对于当前的中美关系，人们常常只关注“中美贸易争端”、“海洋争端”等冲突性议题，而忽视了两国之间的共同利益和密切交流。美国很大，我们的目光不能只关注华盛顿和东西海岸，还需要看到美国更为广阔的区域和更为基层的民众。中美两国除了要加强政府外交，还要强化地方外交和民间外交，把中美地方交流做实做深，努力为让合作盖过竞争创造良好的民意基础和舆论氛围。

	当前中美关系面临诸多现实挑战，美国国内对华战略疑虑日益升腾，部分人士甚至叫嚣中美“脱钩”。对此，上海市美国问题研究所研究员倪建平表示，除了要加强和美国地方层面交流外，更需要以“人性化”视角和叙述方式，向美国人民生动讲述中美“共享历史”的好故事，以增加亲和力和感召力，努力提高从战略层面和社会层面来解疑释惑的能力和效果。中国社会科学院美国所所长吴白乙、上海公共外交协会副会长道书明等人强调，中美之间“同舟共济”，不仅需要建立在共同的利益基础上，还依赖于共同命运意识的培育，而共享历史的挖掘可以培育这种共同的命运意识，促进中美两国从“共享的历史”走向“共同的未来”。

        
        (责编：谭晓祺(实习生)、樊海旭)
      ",2019年04月10日13:44,http://world.people.com.cn/n1/2019/0410/c1002-31022715.html,,从“共享的历史”走向“共享的未来”,人民网>>国际,http://world.people.com.cn/n1/2019/0410/c1002-31022715.html,
(责编：田婉晴(实习生)、樊海旭),人民网－人民日报海外版,"
        
        　　本报联合国4月8日电 （记者李晓宏）第八届联合国经济及社会理事会青年论坛8日在纽约联合国总部拉开帷幕，来自世界各地的800多名青年代表在为期两天的会议里，围绕今年论坛主题“赋权、包容和平等”进行深入研讨，倡议通过青年群体促进可持续发展目标的实现。　　联合国经社理事会主席罗恩塔·金在开幕式致辞中呼吁，国际社会应加强青年人的能力建设，使他们能够为可持续发展作出贡献。下午的亚太分论坛上，世界卫生组织中国健康特使易烊千玺作为亚太地区青年代表，向大会作陈述报告。他倡导青少年选择健康的生活方式，呼吁支持关爱留守儿童，通过社交媒体号召更多青年人参与到2030可持续发展议程的行动中来并做出贡献。
        
        (责编：田婉晴(实习生)、樊海旭)
      ",2019年04月10日08:36,http://world.people.com.cn/n1/2019/0410/c1002-31021911.html,,联合国经社理事会青年论坛开幕,人民网>>国际,http://world.people.com.cn/n1/2019/0410/c1002-31021911.html,
(责编：田婉晴(实习生)、樊海旭),人民网－人民日报海外版,"
        
        
	　　新华社北京4月9日电  第22届莫斯塔尔博览会开幕式4月9日在波黑莫斯塔尔市举行。国务院总理李克强致贺信。

	　　李克强在贺信中表示，中国同包括波黑在内的中东欧国家关系长期保持良好发展势头，双方通过“16+1合作”等平台发挥互补优势，开展了富有成效的互利合作。我们愿同中东欧国家进一步扩大双向开放，促进双向贸易发展，持续提升经贸合作水平，为双方人民带来更多福祉。

	　　莫斯塔尔博览会是本地区的重要展会。中国作为今年博览会的主宾国，将集中展示基础设施建设装备、高技术设备、农业、家用电器等领域性价比高的优质产品，丰富中东欧国家消费者的选择。我们也鼓励中国企业根据中东欧市场需要就地建厂，提升产品的本地化水平，助力当地经济社会发展和民生改善。

        
        (责编：田婉晴(实习生)、樊海旭)
      ",2019年04月10日08:27,http://world.people.com.cn/n1/2019/0410/c1002-31021790.html,,李克强向第22届莫斯塔尔博览会开幕式致贺信,人民网>>国际,http://world.people.com.cn/n1/2019/0410/c1002-31021790.html,
(责编：袁勃、樊海旭),人民网－人民日报,"
        
        
	　　国际货币基金组织（IMF）4月9日发布最新一期《世界经济展望报告》，认为全球经济增长将在短期内放缓，然后适度回升，将2019年全球经济增长预期下调至3.3%。但IMF预测，全球经济有望在2019年下半年逐步反弹，2020年将回升至3.6%的增长水平。

	　　报告建议，在全球增长势头减弱、应对衰退的政策空间有限情况下，各国要尽可能避免出现政策失误，以免再度损害经济增长。在多边层面，各国应合作解决贸易分歧，不增加扭曲性贸易壁垒、进一步削弱全球经济增长前景。

	　　在当天的记者会上，IMF首席经济学家吉塔·戈皮纳特表示，一年前，世界上几乎所有地区的经济活动都在加速。一年后，情况发生了很大变化，预计全球70%的经济体将经历增长减缓。但她也表示，近期全球经济不会出现衰退，“在疲弱的开局之后，预计2019年下半年增长将会加快”。

	　　IMF认为，随着美联储释放出更加宽松的货币政策立场，欧洲央行、英国央行、日本央行等全球主要央行目前采取更为耐心的货币正常化步伐，部分国家采取了经济刺激措施，对金融状况的放松起到支撑作用，并促进更多资本流入新兴市场，这都将使全球经济活动受益。

	　　对于当下全球经济的主要风险，IMF在经济展望中指出，主要是由于2018年下半年贸易紧张局势加剧和金融环境收紧，贸易紧张局势对商业信心的影响越来越大，金融市场情绪恶化使得新兴市场和发达经济的金融环境不同程度承压，对全球需求构成压力。欧元区经济失去的动力超过预期，而外部需求，尤其是来自亚洲新兴市场的需求则出现疲软。其他下行风险包括部分具体国家可能出现的不确定性，例如英国“无协议脱欧”风险，意大利长期的财政不确定性和高收益等，可能会对欧元区其他经济体产生不利的溢出效应。

	　　“对于全球经济来说，这是一个微妙的时刻。如果下行风险没有成为现实，政策支持有效，全球经济增长应该会反弹。然而如果任何一项主要风险成为现实，那么压力大的经济体、出口依赖型经济体和高负债经济体的预期复苏可能会脱轨。”吉塔·戈皮纳特称。

	　　IMF研究部副主任吉安·马里亚·米莱西—费雷蒂在接受本报记者采访时称，“随着美国财政刺激的影响逐渐消退，预计发达经济体的经济活动将继续逐渐放缓。同时，新兴市场经济体有必要提高生产率。”他表示，在人口老龄化的背景下，劳动生产率增长缓慢、劳动力扩张放缓将拖累发达经济体增速低于预期水平；预计新兴市场和发展中国家的经济增长将稳定在5%左右，但各地区和国家情况有所不同。

	　　IMF建议，各经济体将政策重点放在采取行动促进潜在产出增长，增强包容性和韧性，财政政策和货币政策需要在支持需求、社会支出和确保公共债务保持在可持续轨道上之间取得平衡。此外，“如果贸易分歧能够迅速得到解决，那么全球经济可能会取得出人意料的增长，投资者信心进一步增强”，吉塔·戈皮纳特称。

	　　（本报华盛顿4月9日电）  


	　　《 人民日报 》（ 2019年04月10日 16 版）

        
        (责编：袁勃、樊海旭)
      ",2019年04月10日05:17,http://world.people.com.cn/n1/2019/0410/c1002-31021045.html,,全球经济在短期放缓后将适度回升,人民网>>国际,http://world.people.com.cn/n1/2019/0410/c1002-31021045.html,
(责编：田婉晴(实习生)、樊海旭),人民网－人民日报海外版,"
        
        
	　　中国和欧洲，处在亚欧大陆东西两端，在世界上都有着重要分量。中国对欧外交，着眼点之一是提升中欧关系的全球性和战略性。4月8日，李克强总理抵达布鲁塞尔时表示，当前形势下，我们愿同欧方加强在国际事务中的协调合作，共同维护多边主义和自由贸易，提升中欧关系的全球性和战略性，为促进世界和平、稳定、繁荣作出贡献。

	　　欧盟的价值，有全球性和战略性。在世界政治格局中，欧盟肩负多重使命。其一是维护世界多样性。欧盟是与生俱来的多极化和多边主义支持者，是中国合作和谈判的天然伙伴。其二是应对世界不确定性的挑战。欧盟作为当今世界一体化程度最高的国际组织，由一个个条约累积而成，是确定性和规范性力量，是同样作为世界确定性力量的中国的重要合作者。其三是推动世界发展的重要力量。中国和欧盟共同努力，能够为避免世界开历史倒车贡献关键力量。

	　　欧盟的影响，超出欧盟本身。从欧洲范围来看，欧盟是欧洲繁荣与稳定的保证，是推动“欧洲认同”的重要载体。从全球范围来看，欧盟往往能发挥“28×3”的效应，即在国际社会的号召力是成员国数量的三倍。欧盟的软实力尤其体现在欧洲及其周边地区。

	　　中方高度重视中欧关系。中国和欧洲是世界舞台上两大力量、两大市场。长期以来，欧盟保持中国第一大贸易伙伴、第一大技术来源地和重要外资来源地等地位，中国是欧盟第二大贸易伙伴。鉴于欧盟在国际影响力和涉华舆论上的独特地位，欧盟还是中国提升软实力和国际形象的重要借助力量。

	　　中欧关系有稳定性、战略性和互惠性。去年，欧盟发布欧亚大陆互联互通战略政策文件，强调与中国合作、与“一带一路”对接，推动欧亚地区陆海联通。此次中欧领导人会晤期间，双方围绕加快中欧投资协定谈判（BIT）的时间表和路线图积极对表，共同推动中欧地理标志协定谈判取得显著进展，举行第四次中欧创新合作对话。这些努力，利于培育中欧合作的新抓手和新亮点。中国视欧洲为世界重要一极，始终坚定支持欧洲一体化进程，中方愿意看到一个团结、繁荣、一体化进程不断推进的欧洲。

	　　中欧之间的共同利益远大于分歧。李克强总理访欧前在德国《商报》刊文指出，“16+1合作”是跨区域的务实合作平台，与自由贸易和全球化的方向是一致的。中欧既是互利共赢的经贸合作伙伴，也是维护世界和平稳定的同行者。当前国际形势中不稳定不确定因素增多，保护主义、单边主义、逆全球化思潮抬头，中欧应当以全球视野、战略高度和理性思维，共同维护多边主义和自由贸易体制，共同建设开放型世界经济，共同应对人类社会发展面临的问题和挑战。

	　　一句话，中欧应共同应对挑战，拓展互利合作，为不确定性日益突出的世界注入稳定性。

	　　（作者为中国人民大学欧盟“让·莫内”讲席教授、重阳金融研究院高级研究员）

        
        (责编：田婉晴(实习生)、樊海旭)
      ",2019年04月10日08:28,http://world.people.com.cn/n1/2019/0410/c1002-31021804.html,,提升中欧关系的全球性和战略性（望海楼）,人民网>>国际,http://world.people.com.cn/n1/2019/0410/c1002-31021804.html,
(责编：袁勃),新华网,"
        
        原标题：综合消息：期待中国非洲研究院为中非关系发展注入更多智慧——非洲各界人士高度评价习近平主席向中国非洲研究院成立致贺信
	　　新华社北京4月9日电 综合新华社驻外记者报道：中国非洲研究院成立大会9日在北京召开。国家主席习近平致贺信，对中国非洲研究院成立表示热烈祝贺。非洲多国人士接受新华社记者采访时表示，习主席对中非合作高度重视，中国非洲研究院将汇聚中非学术智库资源，为中非关系发展注入更多智慧，贡献更大力量。

	　　纳米比亚大学政治学系学者奥泽·里鲁阿科表示，习主席对中国非洲研究院的成立高度重视。中非合作论坛北京峰会提出构建更加紧密的中非命运共同体，中国非洲研究院的成立，正是中非双方深化人文交流领域合作的重要举措，将有助于巩固中非社会政治等各领域联系。

	　　肯尼亚中非问题专家爱德赫雷·卡文斯表示，正如习主席在贺信中所说，双方人民友谊源远流长。期待中国非洲研究院能够充分发挥知识桥梁作用，促进思想进步，推动中非对话，促进中非合作。相信随着中非人文交流不断加深，越来越多非洲学子有机会到中国接受进一步教育，这有助于进一步加深双方人民相互理解。

	　　摩洛哥非洲中国合作与发展协会主席纳赛尔·布希巴说，中非合作建立在平等相待、相互尊重和互惠互利的基础上，中非合作的进一步推进需要扎实的理论研究支持，相信中国非洲研究院将起到加强中国和非洲国家人文和智库交流的作用，为促进中非关系发展贡献更大力量。

	　　乌干达总统高级新闻秘书唐·万亚马说，中国非洲研究院汇聚中非学术智库资源，在为深化中非关系、增进中非友谊等提供理论支持方面将大有可为。通过与中国开展多领域合作，乌干达获益良多。

	　　尼日利亚阿布贾大学政治与国际关系学教授谢里夫·易卜拉欣表示，中国非洲研究院的成立是构建更加紧密的中非命运共同体的重要一步，体现了中国与非洲国家增进沟通和了解的诚意和决心。通过与中国同行交流，非洲国家智库将提升研究水平，增进对中国了解，以便更加精准地提出推进非中关系发展的合理化建议。

	　　南非沃尔特·西苏鲁大学研究员埃里克·曼贡伊说，设立中国非洲研究院是中非深化人文交流的重要举措，将成为促进中非之间加深了解的催化剂，有助于中国人民和非洲人民加强彼此在广泛领域知识技能的交流和分享。希望双方涌现更多对对方国家、地区了解的专家学者，帮助双方人民加深了解，增进中非传统友谊。

	　　卢旺达前教育部长西拉斯·卢瓦卡班巴说，通过中国非洲研究院这个重要的人文交流平台，非洲国家智库可以加深对中国经济、政治、社会、文化等方面研究，并从中借鉴、学习中国的发展经验，为本国发展面临的问题探寻解决之道。同时，中国非洲研究院的成立，也有助于中国各界进一步了解非洲。（参与记者：陈斌杰、张改萍、吴长伟、郭骏、丁蕾、吕天然）
 
        
        (责编：袁勃)
      ",2019年04月10日04:58,http://world.people.com.cn/n1/2019/0410/c1002-31021008.html,,综合消息：期待中国非洲研究院为中非关系发展注入更多智慧——非洲各界人士高度评价习近平主席向中国非洲研究院成立致贺信,人民网>>国际,http://world.people.com.cn/n1/2019/0410/c1002-31021008.html,
(责编：袁勃、樊海旭),人民网－人民日报,"
        
        
	　　■东盟地区国家稳定的劳动力市场及海外投资有效促进了内需，并在一定程度上抵消了出口放缓。

	　　■由于东南亚国家经济发展现状存在差异，未来各国经济改革重点也各不相同，将结合自身优势向全球价值链上游攀升。

	　　

	　　亚洲开发银行（以下简称“亚开行”）日前发布的《2019亚洲发展展望报告》预计，2019年东盟地区国家年均增长率为4.9%，维持了较高的增长水平。多家机构近期发布报告认为，尽管受到全球经济下行、贸易紧张等因素的影响，该地区强劲的内需和良好的发展势头在一定程度上抵御了外部风险，预计2019年该地区的经济仍将保持稳定增长。

	　　内需强劲，经济增长保持稳定

	　　根据《2019亚洲发展展望报告》，东盟地区国家今年的经济增长率预计为4.9％，较去年的5.1%略有下降。尽管如此，世界银行此前发布的《全球经济展望》报告指出，东亚和太平洋地区仍然是世界上经济增长最快的地区之一。

	　　经合组织发展中心此前发布的一份报告认为，该地区稳定的劳动力市场及海外投资有效促进了内需，并在一定程度上抵消了出口放缓。由于通货膨胀水平较为温和，去年东盟经济体消费者支出整体有所增长。

	　　尼尔森市场研究公司的报告显示，东盟地区消费者普遍对就业和个人财务状况持乐观态度。2018年第三季度，该地区的消费者信心指数均处于较高水平，其中越南和马来西亚的消费者信心指数分别为129点和127点，跻身全球最乐观的三个国家。

	　　根据预计，2019年东南亚地区的通货膨胀水平将维持在2.7%左右，处于温和增长状态。2018年，由于全球的流动性收紧，东盟多国货币面临贬值压力。为此，该地区政府大部分采取了紧缩政策，以维持经济稳定，避免物价过快上涨。随着今年全球流动性政策转变，东盟各国缓解了收紧货币政策的压力。因此，2019年东盟经济体仍将保持温和的预算扩张，有力支持消费带动增长。

	　　城市化及基础设施建设是东盟经济体稳定增长的主要动力。据统计，东南亚蓬勃发展的城市化为该地区的国内生产总值（GDP）作出了主要贡献，有力支持了当地消费阶层的持续增长，也为产业发展提供了充足的劳动力。

	　　联合国亚太经社会的一份研究报告指出，东盟地区强劲的基础设施建设支出将继续促进经济增长，尤其在文莱、印度尼西亚和泰国。亚开行的一项研究报告显示，2016年至2030年间，东南亚地区每年需要向基础设施建设投资约2100亿美元，相当于GDP的5.7％，目前该地区的相关投资远低于这一需求量。

	　　外部风险加剧，面临更多不利因素

	　　尽管经济增长预期稳定，东盟地区的经济增长也面临着外部环境的挑战。

	　　“东南亚地区经济体的特点是较高程度的区域一体化和全球化，这使其易受外部冲击的影响。”亚开行经济研究和区域合作局高级经济顾问庄巨忠表示。该地区高度依赖外资，在2/3以上的经济体中，出口总额及资本流入总额之和超过GDP的50％。

	　　全球经济放缓和贸易紧张趋势将加剧影响东南亚经济增长的不确定性。世行报告指出，随着贸易、投资进一步减弱，全球经济将在2019年放缓至2.9％。加上贸易政策的不确定性，潜在的贸易风险将对东南亚开放的经济体产生更大影响。

	　　受到出口需求疲软影响，今年以来东盟地区的新订单出现减少，生产增长放缓。日本经济新闻与全球金融信息公司IHS Markit公布的最新数据报告显示，今年2月东盟地区综合采购经理人指数下跌至49.6，位于50的荣枯线以下。由于制造业和服务业增长乏力，引发了各国对于外部融资的担忧。

	　　泰国正大管理学院中国东盟研究中心主任汤之敏认为，该区域丰富的资源对外资仍然具有很强的吸引力。如老挝的水力、文莱的石油天然气等自然资源，柬埔寨的劳动力以及印尼和越南的人口规模带来的市场潜力。

	　　推动改革和多元化，加强区域合作

	　　为抵御外部风险，各国政府采取了一系列吸引外资、谋求出口商品及市场多元化的举措。如越南、马来西亚积极参与国际多边组织的协商，完善知识产权、劳动保护和环境保护方面的法规；缅甸着手推动金融、电信和零售业的外资准入，以获取“开放红利”；印度尼西亚政府正采取措施维护进出口平衡和印尼盾的币值稳定；菲律宾政府致力于降低通货膨胀，并消除基础设施方面的瓶颈；文莱政府正在推进经济多元化战略，以摆脱过度依靠油气资源出口的困局；马来西亚、越南和泰国等国积极开拓中国市场等。

	　　由于东南亚国家经济发展现状存在差异，未来各国经济改革重点也各不相同，将结合自身优势向全球价值链上游攀升。汤之敏认为，发展水平较低的经济体应加强产业转移，比如越南高速发展的制造业和柬埔寨、缅甸的服装行业以及印尼的电子行业等。而发展水平较高的经济体则应着眼产业升级，提高附加值，如泰国提出高附加值经济发展模式、新加坡加强投资信息和通信行业以及一系列提高劳动者技能的举措等。

	　　各国通力合作是东南亚保持经济发展的良方。庄巨忠认为，近年来，东南亚经济体之所以能经受住2008年国际金融危机的影响，并保持多年较高速增长的原因之一，就是东盟加强了内部合作及外部联动。如东盟加强了与中国、日本、韩国等国家的区域合作，共同建立区域金融安全网——“清迈倡议多边化协议”。2015年，东盟宣布建成东盟经济共同体，覆盖6亿多人口，目前该地区GDP总额约为2.8万亿美元。这些措施都有助于加强东南亚经济体之间以及东南亚和东亚之间的区域内贸易和外国直接投资，以抵御外部冲击。

	　　泰国开泰银行高级副总裁蔡伟才认为，东盟各国可结合本国实际情况，使本国经济发展战略与中国提出的“一带一路”倡议相对接，尤其是在基础设施建设、新科技、电子商务等领域。随着“一带一路”建设的推进，双方合作空间将进一步拓展。

	　　（本报曼谷电 郭雨祺参与采写） 


	　　《 人民日报 》（ 2019年04月10日 17 版）

        
        (责编：袁勃、樊海旭)
      ",2019年04月10日05:16,http://world.people.com.cn/n1/2019/0410/c1002-31021031.html,,东南亚经济增长预期稳定,人民网>>国际,http://world.people.com.cn/n1/2019/0410/c1002-31021031.html,
(责编：许文金、陈建军),人民网-日本频道,"
        
        
	人民网东京4月10日电 据《朝日新闻》网站报道，日本爱信精机公司正在研发一种能够利用鸡、牛等动物粪便发电的生物天然气发电装置。最大的卖点在于停电时也能自主发电，并提供天燃气。该公司计划在满足日本奶农需求的同时，于2021年向海外拥有巨大市场的印度推销这套发电装置。

	据悉，涉足汽车配件制造业的爱信精机公司也经营着面向普通家庭、使用了燃气发动机的热电供给产品。其有意借此推动燃气发动机的普及，促进生物天燃气发电的产业化。

	该公司研发出的小型天然气发电机高约1米、长约70厘米、宽约40厘米。产生天燃气的原料是令农户们颇为头痛的动物粪便。发电机不仅能够有效处理粪便，还能借此发电，为鸡舍、牛舍照明。可谓是一举两得。（编译：许文金 审稿：陈建军）

        
        (责编：许文金、陈建军)
      ",2019年04月10日11:26,http://japan.people.com.cn/n1/2019/0410/c35421-31022621.html,,动物粪便化电力 日本企业开发生物天然气发电装置,人民网>>日本频道,http://japan.people.com.cn/n1/2019/0410/c35421-31022621.html,
(责编：许文金、陈建军),人民网-日本频道,"
        
        
	

	.人民网东京4月10日电 据日本NHK电视台报道，NHK近期进行的一项调查结果显示，日本民众对便利店24小时营业表示“有必要”“有的地方有必要”的比例达到61%，回答“完全没必要”的占到34%。

	从4月5日起，NHK以日本全国18岁以上人群为对象，通过电脑对固定电话和移动电话用户随机抽取开展了一次为期3天的调查。最终，一共有2292人被抽取为调查对象，其中有1250人进行回答，占到总数的55%。

	近期，日本知名便利店企业以人手不足等原因为由，打算重新审视24小时营业的模式。

	民众对便利店24小时营业模式的看法各有不同，有4%的人认为是“必要的”，有57%的人认为“有的地方有必要”，另有34%的认为“完全没必要”。

	针对同一问题，60岁以上的人群中，有45%的人回答“完全没必要”。这一比例较其他年龄层的人高出了近20%。（编译：许文金 审稿：陈建军）

        
        (责编：许文金、陈建军)
      ",2019年04月10日10:57,http://japan.people.com.cn/n1/2019/0410/c35421-31022557.html,,便利店24小时营业是否需要 34%的日本人认为“完全没必要”,人民网>>日本频道,http://japan.people.com.cn/n1/2019/0410/c35421-31022557.html,
(责编：田婉晴(实习生)、樊海旭),人民网－人民日报海外版,"
        
        
	　　新华社北京4月9日电  4月9日，中国非洲研究院成立大会在北京召开。国家主席习近平致贺信，对中国非洲研究院成立表示热烈祝贺。

	　　习近平指出，当今世界正面临百年未有之大变局，中国作为最大的发展中国家，非洲作为发展中国家最集中的大陆，双方人民友谊源远流长，新形势下，中非深化传统友谊，密切交流合作，促进文明互鉴，不仅造福中非人民，而且将为世界和平与发展事业作出更大贡献。

	　　习近平表示，在2018年召开的中非合作论坛北京峰会上，中非双方一致决定构建更加紧密的中非命运共同体，实施中非合作“八大行动”。设立中国非洲研究院是其中人文交流行动的重要举措。希望中国非洲研究院汇聚中非学术智库资源，增进中非人民相互了解和友谊，为中非和中非同其他各方的合作集思广益、建言献策，为促进中非关系发展、构建人类命运共同体贡献力量。

        
        (责编：田婉晴(实习生)、樊海旭)
      ",2019年04月10日08:20,http://world.people.com.cn/n1/2019/0410/c1002-31021647.html,,习近平：增进中非人民相互了解和友谊,人民网>>国际,http://world.people.com.cn/n1/2019/0410/c1002-31021647.html,
(责编：盛楚宜、雪萌),人民网-澳大利亚频道,"
        
        
	人民网悉尼4月10日电 据《悉尼先驱晨报》报道，一项研究发现澳大利亚新南威尔士州四分之一的儿童在达到入学年龄后延迟一年入学，这使他们在幼儿园里比其他同学表现更好。研究还发现，富裕家庭更可能让孩子延迟入学。

	由新南威尔士大学主导的这项研究调查了10万名儿童，是新州关于幼儿园儿童入学年龄调查的最大型研究，同时也是第一个比较入学年龄与地区经济发展状况的研究。

	数据显示，新州是延迟入学率最高的州省，平均25%的儿童延迟入学，远超过维州的10%。新州库南布尔、考拉和格洛斯特区有45%至55%的孩子延迟入学。就悉尼而言，最低延迟入学率在0至15%之间，主要集中在费尔菲尔德、利物浦和布莱克敦等地区；最高延迟入学率在25%至35%之间，主要位于北区、东区和南区等富裕地区。

	该研究的合作方、澳国立大学儿童和青少年发展与纵向研究副教授本·爱德华兹称，高收入的家长比低收入的家长更愿意让孩子延迟入学。延迟入学意味着支付额外一年昂贵的抚养费，也会占用家长的工作时间。

	在新州，孩子在当年7月31日之前满5岁，便可以从4岁半开始上公立学校，但最晚必须在六周岁前入学。许多人担心这会导致同一个课堂的孩子存在多达18个月的年龄差。研究指出，如果家长有能力且孩子正好是在1月至7月之间满5岁，那么近半数的家长会选择让孩子延迟入学。

	新州前教育部长、新南威尔士大学冈斯基教育学院院长亚德里安·皮科利表示，如果儿童入学前两年的学前教育能够普及且免费，花费将不再成为影响父母决定的因素。（实习生 王佳华）

        
        (责编：盛楚宜、雪萌)
      ",2019年04月10日11:55,http://australia.people.com.cn/n1/2019/0410/c408038-31022636.html,,澳研究：延迟入学或有利于儿童发展,人民网>>澳新频道,http://australia.people.com.cn/n1/2019/0410/c408038-31022636.html,
(责编：田婉晴(实习生)、常红),人民网-国际频道,"
        “一带一路”与中捷民心相通论坛在京召开（张启程 刘丹摄）
        
	人民网北京4月10日电  在“一带一路”国际合作高峰论坛召开前夕和中捷两国建交70周年之际，由光明日报社和捷克文学报社共同主办、上海市人民政府新闻办公室和浙江省人民政府新闻办公室共同协办的“一带一路”与中捷民心相通论坛于4月9日下午在光明日报社举行。 

	来自中宣部、外交部、中联部、文旅部、国家广电总局、中国社会科学院、国家汉办、全国记协、中国作家协会、中国美术家协会、中国公共外交协会、北京市人民政府外事办公室、北京市人民政府新闻办公室和捷克文学报、捷克驻华使馆及公共外交、文化、教育、体育、商务机构的百余名代表出席了论坛。中捷两国嘉宾们共话中捷友谊，围绕两国间的交流与合作进行了充分交流研讨。

	捷克总统泽曼为论坛发来贺信表示，习近平主席于2013年提出的“一带一路”倡议已经成为新时期全球最大的构想之一。这一非凡成就的关键词就是“连通”。他强调：“我坚信，参与‘一带一路’倡议的国家将成功实现这一目标梦想，这一倡议不仅连接各个大洲，也连接各个民族。”

	在致辞中，光明日报社总编辑张政介绍了光明日报与捷克文学报在“阅读中国+”项目中的合作，通过在捷克当地出版专版及专刊，向捷克读者介绍当代中国风貌，在当地引起了积极反响。习近平主席指出，“国之交在于民相亲，民相亲在于心相通”。 今天的论坛就是讲述中捷民心相通的故事。我们认为，推动中捷民心相通是中捷两国媒体应当承担的社会责任。

	中宣部国际联络局局长张烨受中宣部领导委托对论坛成功举办表示热烈祝贺。他在致辞中指出，中国国家主席习近平提出的“一带一路”倡议产生了广泛而深远的国际影响。今年恰逢中捷两国建交70周年，在“一带一路”倡议的引领下，中捷关系呈现全面发展势头。中国的光明日报和捷克的文学报同为具有深厚历史积淀、广泛影响力的主流媒体，此次共同举办论坛，为庆祝中捷两国建交70周年营造良好氛围，充分体现了两国主流媒体应有的社会责任。

	外交部欧洲司参赞俞磊在致辞中从三方面总结了中捷关系的快速发展势头：第一，两国高层交往密切；第二，经贸合作日益深化；第三，人文交流蓬勃发展。他表示，中方高度重视发展同捷克的友好合作关系，愿同捷方一道，增进政治互信，深挖合作潜力，造福两国人民。

	捷克文学报社长帕维尔、捷克驻华使馆参赞路德维特也分别在论坛上致辞，热烈祝贺论坛的举行，对论坛积极推动中捷两国民心相通给予充分肯定。

	中国作家协会书记处书记鲁敏和捷克文学报总编辑比莱克做了主旨发言。中国美术家协会分党组书记徐里、原中国驻捷克大使马克卿、人民文学出版社副总编肖丽媛、中国冰球协会外事干部王武贤、北京市冰球协会副秘书长邢寉、上海汽轮机厂党委副书记辛健、江苏苏豪集团总裁周勇、中捷友谊农场宣传部部长雷强林、捷克格兰特欧洲商会名誉会长田宝东与捷克文学报主编雅娜、捷克《经济学人》杂志前主编费亚拉、捷克PPF集团中国区总裁卢米尔·马龙、北京外国语大学捷克教师雅乌里索娃，围绕“中捷民心相通有着历史渊源”“文学与艺术传播是中捷民心相通的桥梁”“中捷民心相通走向多领域”三个议题进行了畅谈。他们讲述的反映中捷民心相通的生动故事给代表们留下了深刻印象。

	国家大剧院演员周晓琳演唱了曾在国家大剧院上演的捷克歌剧《水仙女》片段。

	论坛由光明日报社副总编辑沈卫星主持。
【1】【2】【3】【4】【5】【6】
        
        (责编：田婉晴(实习生)、常红)
      ",2019年04月10日09:42,http://world.people.com.cn/n1/2019/0410/c1002-31022374.html,,光明日报与捷克文学报携手讲述中捷友好故事,人民网>>国际,http://world.people.com.cn/n1/2019/0410/c1002-31022374.html,
(责编：田婉晴(实习生)、樊海旭),人民网-国际频道,"
        拉美加勒比与中国学术研究中心负责人杜塞尔
        
	人民网墨西哥城4月9日电 （记者 刘旭霞） 拉美加勒比与中国学术研究中心负责人杜塞尔9日在墨西哥城介绍该中心发布的《2019年中国在拉丁美洲与加勒比地区直接投资报告》时表示，中国对拉美和加勒比直接投资呈现多样化成为近年来最主要的特征。

	杜塞尔介绍，在2000至2010期间，中国在该地区原材料上的直接投资比重较大。此后在该领域投资有所变化，到2018年其投资比重仅占该地区直接投资总额的53.39%。近年来，中国对外直接投资在该地区开始转向制造业和服务业，占对外直接投资总额的三成以上。技术购买在2010年以后也开始成为中国对拉美直接投资的一大领域。

	此外，公有制企业在该地区的投资呈下降趋势。2000年至2018年期间，公有制企业投资占中国在拉美和加勒比地区直接投资额的70.2%。而在2018年，非公有制企业直接投资占比达到93.7%，公有制企业占直接投资比例降为6.3%。

	该报告是拉美加勒比与中国学术研究中心继2017年和2018年后连续第三年发布，对中国在拉美直接投资的全球背景、投资类型、投资行业以及投资企业等各方面进行了阐述。 

        
        (责编：田婉晴(实习生)、樊海旭)
      ",2019年04月10日12:56,http://world.people.com.cn/n1/2019/0410/c1002-31022650.html,,报告显示中国对拉美直接投资呈现多样化特征,人民网>>国际,http://world.people.com.cn/n1/2019/0410/c1002-31022650.html,
(责编：谭晓祺(实习生)、樊海旭),人民网-国际频道,"
        
        
	人民网讯  据美国媒体报道，波音公司三月份未接到任何737喷气式客机的商业订单，这是该航空巨头旗下最畅销机型近七年来首次出现月销量为零的情况。

	这一消息凸显了波音客户、投资者及供应商对于737 MAX机型无期限复飞计划的焦虑。之前的两起致命坠机事件导致737 MAX机型在全球被停飞。

	波音3月份仅交付11架737 MAX客机，交付量还不到前两个月的一半，远低于实现该公司1月份制定的今年逾900架飞机交付量目标所需的进度。

	分析师还预测，波音今年有可能交付约750架客机，而赔偿、航空公司延期付款以及修复MAX的成本等因素可能给财务带来20亿-30亿美元的影响。（老任）

        
        (责编：谭晓祺(实习生)、樊海旭)
      ",2019年04月10日14:13,http://world.people.com.cn/n1/2019/0410/c1002-31022787.html,,七年来首次 波音737客机三月份零订单,人民网>>国际,http://world.people.com.cn/n1/2019/0410/c1002-31022787.html,
(责编：谭晓祺(实习生)、樊海旭),人民网-国际频道,"
        
        
	人民网讯  据法新社报道，东欧国家阿尔巴尼亚首都机场9日发生抢劫案。一群武装劫匪在当天早上闯入机场的跑道，登上一架奥地利航空公司的客机实施抢劫。该客机是由阿尔巴尼亚首都地拉那飞往维也纳的航班，当时机上载有准备运到维也纳一家银行的数百万欧元现钞。随后警方逮捕4人，并将40余嫌疑人员带回警局调查。

	据报道，由于阿尔巴尼亚央行不接受外汇存款，因此在该国运营的外国银行经常通过航空的方式将货币送到维也纳。警方表示，3名穿着军服的劫匪通过消防员专用门进入机场跑道，其中1名枪手在与警察的交火中毙命。

	根据初步报告，被盗走的现金约250万欧元，但当地媒体声称实际数目可能比报告高出五倍。

	奥地利航空公司发言人谷本表示，抢劫案发生时，工作人员正在把现金运到飞机上。她说，作为紧急安全措施，当局将暂停所有从地拉那到维也纳的现钞运输业务。

	在过去的三年，该机场至少发生过两次这样的抢劫案。（老任）

        
        (责编：谭晓祺(实习生)、樊海旭)
      ",2019年04月10日13:52,http://world.people.com.cn/n1/2019/0410/c1002-31022732.html,,阿尔巴尼亚首都机场遭遇武装抢劫 数百万欧元现钞被劫走,人民网>>国际,http://world.people.com.cn/n1/2019/0410/c1002-31022732.html,
(责编：盛楚宜、雪萌),人民网-澳大利亚频道,"
        
        
	人民网悉尼4月10日电 国际评级机构穆迪预测称，在2019年后期或2020年初澳大利亚房地产市场可能出现小幅回暖。在此之前，悉尼、墨尔本和珀斯房价仍将继续大幅下跌。

	据澳大利亚广播公司报道，2019年澳大利亚首府城市房价预计将下跌7.7%。其中墨尔本跌幅将居于首位，房价下跌或达11.4%，公寓价格下跌5%。此外，墨尔本房价预计会在2020年中期开始回弹，但2021年墨尔本东南部和西部地区房价累计跌幅仍将高达16.6%和18.8%。

	相比之下，报告称悉尼房价将在2019年第四季度触底，而后在2020年实现小幅复苏。悉尼2019年房价预计出现9.3%的下滑，在2020年回弹3.6%左右，并在2021年进一步回温。

	穆迪预计，珀斯的房产市场前景依然疲软，经过此前数年的连续下跌后，预计该市房价将继续下降约8%。

	澳大利亚统计局发布数据显示，虽然2月份自住房贷款总额上升0.8%，但自住房屋贷款批准量同比下降12.5%。2月份房地产投资者贷款增长0.9%，但2018年全年下降了29.1%。

	穆迪的分析师表示，贷款情况是房地产调整的关键因素，尤其是在悉尼和墨尔本。澳大利亚房地产市场发展放缓的一个重要因素是信贷紧缩。澳大利亚审慎监管局实行的紧缩贷款政策，使得房产购买相对困难。（实习生 袁宁馨）

        
        (责编：盛楚宜、雪萌)
      ",2019年04月10日13:28,http://australia.people.com.cn/n1/2019/0410/c408038-31022674.html,,穆迪报告：澳房价将在2020年前继续下跌,人民网>>澳新频道,http://australia.people.com.cn/n1/2019/0410/c408038-31022674.html,
(责编：袁勃、樊海旭),人民网－人民日报,"
        
        
	　　本报北京4月9日电  （记者吴刚）针对美国政府将伊朗伊斯兰革命卫队列为外国恐怖组织，外交部发言人陆慷9日表示，中方反对任何国家搞强权政治和霸凌主义，希望有关国家特别是域外大国多做有利于促进中东地区和平稳定的事。

	　　据报道，美国总统特朗普8日宣布，美国将伊朗伊斯兰革命卫队列为恐怖组织。随后，伊朗国家最高安全委员会宣布，将美国中央司令部及其下辖的驻西亚地区军队认定为恐怖组织。

	　　陆慷在9日举行的外交部例行记者会上回答相关提问时说，中方一向主张，在处理国家间关系时，应遵守以《联合国宪章》宗旨和原则为基础的国际关系基本准则，反对任何国家搞强权政治和霸凌主义。

	　　“我们希望有关国家特别是域外大国多做有利于促进中东地区和平稳定的事，避免采取一些可能导致中东地区局势进一步紧张升级的举措。”陆慷说。


	　　《 人民日报 》（ 2019年04月10日 16 版）

        
        (责编：袁勃、樊海旭)
      ",2019年04月10日05:17,http://world.people.com.cn/n1/2019/0410/c1002-31021041.html,,希望“有关国家”多做有利于促进中东和平稳定的事,人民网>>国际,http://world.people.com.cn/n1/2019/0410/c1002-31021041.html,
